City,Datetime,PM2.5,PM10,NO,NO2,NOx,NH3,CO,SO2,O3,Benzene,Toluene,Xylene,AQI,AQI_Bucket
Ahmedabad,2015-02-27 21:00:00,,,,,,,,,,,,,,
Ahmedabad,2015-04-19 02:00:00,148.17,,1.73,19.97,18.07,,1.73,74.7,5.5,0.0,0.0,7.82,325.0,Very Poor
Ahmedabad,2015-04-24 18:00:00,46.5,,2.97,15.42,18.88,,2.97,43.35,56.42,0.0,0.0,1.27,165.0,Moderate
Ahmedabad,2015-05-05 00:00:00,257.32,,2.53,0.23,2.77,,2.53,104.85,58.71,5.85,1.28,108.42,211.0,Poor
Ahmedabad,2015-05-07 12:00:00,29.74,,5.82,20.95,26.1,,5.82,3.85,43.33,0.0,0.0,1.65,155.0,Moderate
Ahmedabad,2015-06-18 03:00:00,23.05,,7.25,11.37,18.62,,7.25,5.81,2.0,2.23,2.9,0.0,188.0,Moderate
Ahmedabad,2015-07-08 02:00:00,44.29,,7.5,8.06,15.57,,7.5,4.43,2.83,1.74,3.17,0.0,250.0,Poor
Ahmedabad,2015-10-06 16:00:00,49.34,,6.52,13.43,19.95,,6.52,35.53,60.0,0.0,0.61,0.0,316.0,Very Poor
Ahmedabad,2015-10-26 10:00:00,,,,,,,,,,,,,,
Ahmedabad,2015-12-27 09:00:00,,,,,,,,,,,,,,
Ahmedabad,2016-04-17 10:00:00,,,,,,,,,,,,,,
Ahmedabad,2016-05-01 08:00:00,,,,,,,,,,,,,,
Ahmedabad,2016-05-22 05:00:00,,,,,,,,,,,,,,
Ahmedabad,2016-06-06 09:00:00,,,,,,,,,,,,,,
Ahmedabad,2016-08-13 06:00:00,161.78,,5.33,9.24,14.57,,5.33,17.47,6.86,0.75,4.3,0.74,496.0,Severe
Ahmedabad,2016-09-01 16:00:00,32.51,,9.13,7.49,16.62,,9.13,19.91,28.01,0.98,3.86,0.67,191.0,Moderate
Ahmedabad,2016-09-09 18:00:00,19.14,,9.29,13.12,22.41,,9.29,15.38,28.42,1.1,4.74,0.66,204.0,Poor
Ahmedabad,2016-09-19 10:00:00,,,,,,,,,,,,,,
Ahmedabad,2016-10-17 07:00:00,137.89,,17.31,14.83,32.13,,17.31,9.83,1.43,0.0,0.0,0.0,551.0,Severe
Ahmedabad,2016-11-15 03:00:00,,,,,,,,,,,,,,
Ahmedabad,2017-01-09 21:00:00,,,,,,,,,,0.0,0.0,0.0,,
Ahmedabad,2017-01-18 13:00:00,,,,,,,,,,0.0,0.0,0.0,,
Ahmedabad,2017-03-02 00:00:00,,,,,,,,,,0.0,0.0,0.0,,
Ahmedabad,2017-04-01 09:00:00,,,,,,,,,,,,,,
Ahmedabad,2017-04-26 19:00:00,,,,,,,,,,,,,,
Ahmedabad,2017-05-23 08:00:00,,,,,,,,,,,,,,
Ahmedabad,2017-06-22 08:00:00,,,,,,,,,,,,,,
Ahmedabad,2017-07-12 16:00:00,,,,,,,,,,,,,,
Ahmedabad,2017-07-17 09:00:00,,,,,,,,,,,,,,
Ahmedabad,2017-08-16 21:00:00,,,,,,,,,,,,,,
Ahmedabad,2017-10-05 10:00:00,,,,,,,,,,,,,,
Ahmedabad,2018-06-05 22:00:00,82.91,,23.89,94.89,64.11,,23.89,49.3,1.8,9.14,71.98,0.65,377.0,Very Poor
Ahmedabad,2018-07-06 06:00:00,46.48,,25.15,47.46,41.92,,25.15,13.7,1.28,3.94,29.83,0.65,539.0,Severe
Ahmedabad,2018-07-17 20:00:00,23.95,,31.75,114.18,79.39,,31.75,36.07,12.99,7.02,36.96,0.65,404.0,Severe
Ahmedabad,2018-07-26 21:00:00,44.54,,46.81,73.7,70.89,,46.81,14.0,,9.16,31.76,0.65,475.0,Severe
Ahmedabad,2018-07-30 20:00:00,40.48,,19.67,50.44,39.28,,19.67,20.35,,3.94,30.05,0.65,349.0,Very Poor
Ahmedabad,2018-09-07 18:00:00,19.76,,12.6,62.58,39.93,,12.6,48.18,55.77,3.94,16.02,0.65,346.0,Very Poor
Ahmedabad,2018-09-09 23:00:00,23.39,,93.54,85.11,111.32,,93.54,160.44,,3.94,16.02,0.65,750.0,Severe
Ahmedabad,2018-09-27 16:00:00,33.54,,6.54,116.9,61.91,,6.54,53.7,162.91,3.94,16.02,0.65,329.0,Very Poor
Ahmedabad,2018-11-11 03:00:00,253.36,,44.02,179.69,67.28,,44.02,67.9,,22.99,72.19,14.35,2019.0,Severe
Ahmedabad,2019-06-02 12:00:00,25.6,126.26,11.01,63.21,43.39,,11.01,185.13,38.57,18.42,84.92,17.11,458.0,Severe
Ahmedabad,2019-06-10 00:00:00,50.73,148.48,34.37,202.81,138.13,,34.37,116.18,17.06,50.85,453.21,78.96,402.0,Severe
Ahmedabad,2019-09-09 08:00:00,24.36,45.92,11.68,45.19,35.37,,11.68,56.47,61.22,2.14,32.05,0.52,318.0,Very Poor
Ahmedabad,2019-10-29 23:00:00,41.84,92.73,9.37,56.52,38.25,,9.37,124.39,44.06,1.15,23.37,2.04,211.0,Poor
Ahmedabad,2020-01-31 14:00:00,68.75,127.05,2.49,28.12,15.57,,2.49,,58.5,1.82,31.52,1.04,434.0,Severe
Ahmedabad,2020-03-13 04:00:00,39.4,93.41,6.26,17.29,13.11,,6.26,15.66,,2.85,46.56,1.13,347.0,Very Poor
Ahmedabad,2020-04-16 02:00:00,47.37,107.87,4.16,39.92,22.59,,0.34,,20.61,12.57,106.79,8.69,68.0,Satisfactory
Ahmedabad,2020-04-20 15:00:00,28.3,72.27,2.02,14.28,8.47,,0.21,12.79,90.34,0.82,6.64,0.43,91.0,Satisfactory
Ahmedabad,2020-05-04 14:00:00,17.34,62.15,3.66,10.53,7.88,,0.42,34.37,153.07,0.9,9.08,0.44,178.0,Moderate
Ahmedabad,2020-06-18 11:00:00,,,7.38,50.88,8.05,,0.19,,64.8,3.3,46.52,2.82,,
Aizawl,2020-03-12 03:00:00,33.0,36.0,7.05,0.05,9.25,20.19,0.58,3.44,,0.03,0.19,,53.0,Satisfactory
Aizawl,2020-03-19 17:00:00,37.0,45.53,2.92,5.21,8.47,29.38,0.4,6.87,36.41,0.23,0.84,,69.0,Satisfactory
Aizawl,2020-03-22 19:00:00,25.37,35.91,3.02,0.09,3.64,20.32,0.29,5.67,5.05,,,,64.0,Satisfactory
Aizawl,2020-03-22 21:00:00,31.16,35.0,3.0,0.08,3.59,17.2,0.31,5.39,3.42,,,,58.0,Satisfactory
Aizawl,2020-03-23 09:00:00,38.0,45.7,3.23,0.06,3.81,19.27,0.33,5.33,3.67,,,,52.0,Satisfactory
Aizawl,2020-03-30 04:00:00,56.39,61.25,2.94,0.09,3.47,22.4,0.47,6.72,5.64,0.23,0.92,,62.0,Satisfactory
Aizawl,2020-03-31 11:00:00,16.53,23.33,2.82,0.2,3.71,35.16,0.31,7.67,9.24,0.15,0.72,,49.0,Good
Aizawl,2020-04-01 14:00:00,18.0,26.0,3.18,0.04,3.89,35.17,0.34,8.53,8.04,0.17,0.7,,67.0,Satisfactory
Aizawl,2020-04-02 08:00:00,45.7,61.0,2.99,0.17,3.86,26.67,0.44,7.57,5.83,,,,63.0,Satisfactory
Aizawl,2020-04-02 12:00:00,26.25,38.0,3.03,0.17,3.92,37.78,0.37,8.94,9.95,0.19,0.62,,65.0,Satisfactory
Aizawl,2020-04-02 15:00:00,22.36,41.0,2.96,0.37,4.14,40.82,0.32,9.62,15.15,0.15,0.55,,67.0,Satisfactory
Aizawl,2020-04-03 07:00:00,36.81,48.44,2.79,0.15,3.48,17.42,0.29,7.25,8.92,0.08,0.39,,54.0,Satisfactory
Aizawl,2020-04-04 10:00:00,28.2,,3.04,0.08,3.65,20.57,0.29,7.42,7.88,0.08,0.5,,41.0,Good
Aizawl,2020-04-06 06:00:00,39.11,44.0,2.89,0.16,3.5,16.75,0.29,7.81,8.7,0.11,0.45,,43.0,Good
Aizawl,2020-04-10 14:00:00,20.62,30.0,4.38,0.11,5.7,32.25,0.33,5.27,7.31,0.13,0.58,,61.0,Satisfactory
Aizawl,2020-04-10 23:00:00,33.05,42.5,4.5,0.11,5.49,28.89,0.42,4.32,4.54,0.17,0.85,,63.0,Satisfactory
Aizawl,2020-04-12 20:00:00,32.08,39.86,4.37,0.07,5.6,28.3,0.32,4.87,6.71,0.11,0.56,,36.0,Good
Aizawl,2020-04-15 16:00:00,34.12,42.85,11.52,1.53,16.81,39.59,0.42,7.57,1.38,0.17,0.65,,77.0,Satisfactory
Aizawl,2020-04-19 11:00:00,8.47,15.0,11.45,0.14,15.32,18.31,0.23,6.27,,0.04,0.39,,23.0,Good
Aizawl,2020-04-19 19:00:00,,,11.39,0.19,15.27,25.23,0.26,6.88,1.04,0.05,0.49,,19.0,Good
Aizawl,2020-04-20 20:00:00,,24.0,11.39,0.15,15.28,19.81,0.29,7.13,,0.05,0.56,,32.0,Good
Aizawl,2020-04-20 23:00:00,,23.0,11.47,0.16,15.19,16.73,0.27,6.35,,,,,20.0,Good
Aizawl,2020-04-25 11:00:00,3.08,6.78,11.59,0.33,15.72,20.67,0.22,8.08,,0.02,0.37,,19.0,Good
Aizawl,2020-04-25 23:00:00,,,11.47,0.1,15.0,11.43,0.17,7.15,0.03,0.01,0.28,,18.0,Good
Aizawl,2020-04-29 09:00:00,4.08,5.83,11.62,0.12,15.39,13.77,0.21,6.66,,0.01,0.36,,19.0,Good
Aizawl,2020-04-29 20:00:00,5.03,6.8,11.53,0.09,15.13,16.85,0.25,7.62,,,,,19.0,Good
Aizawl,2020-05-05 00:00:00,12.08,13.61,11.59,0.04,15.16,13.21,0.21,6.95,,0.03,0.41,,19.0,Good
Aizawl,2020-05-06 00:00:00,5.05,11.67,11.61,0.09,15.37,16.54,0.21,7.31,0.25,0.04,0.49,,20.0,Good
Aizawl,2020-05-07 06:00:00,0.91,3.77,11.42,0.11,15.2,15.64,0.19,7.16,0.16,,,,21.0,Good
Aizawl,2020-05-09 03:00:00,10.25,13.61,11.41,0.14,15.03,19.66,0.34,7.98,,0.06,0.85,,23.0,Good
Aizawl,2020-05-09 10:00:00,12.08,15.11,11.45,0.19,15.45,23.34,0.34,7.96,,0.09,0.73,,23.0,Good
Aizawl,2020-05-13 03:00:00,37.0,41.0,11.42,0.08,15.17,22.2,0.34,8.46,0.75,0.11,0.61,,49.0,Good
Aizawl,2020-05-15 18:00:00,17.0,18.0,11.58,0.45,15.98,29.13,0.4,9.83,,0.11,1.25,,28.0,Good
Aizawl,2020-05-16 05:00:00,5.0,9.78,11.45,0.1,15.14,16.53,0.18,8.27,,0.0,0.39,,21.0,Good
Aizawl,2020-05-17 18:00:00,13.66,19.53,11.43,0.08,15.11,33.76,0.24,11.71,,,,,20.0,Good
Aizawl,2020-05-18 06:00:00,15.97,18.88,11.53,0.06,15.28,23.09,0.23,8.95,,,,,22.0,Good
Aizawl,2020-05-23 06:00:00,,,11.51,0.2,15.29,10.04,0.18,10.24,0.26,,,,20.0,Good
Aizawl,2020-05-27 21:00:00,1.97,4.0,11.64,0.21,15.58,17.36,0.23,11.48,,0.0,0.24,,,
Aizawl,2020-05-30 10:00:00,9.49,10.65,11.91,0.24,15.94,15.06,0.25,11.54,,0.0,0.41,,20.0,Good
Aizawl,2020-06-02 17:00:00,2.76,7.0,11.93,0.41,16.25,14.48,0.32,12.55,,,,,20.0,Good
Aizawl,2020-06-04 09:00:00,,,11.51,0.08,15.22,12.84,0.16,12.08,,,,,20.0,Good
Aizawl,2020-06-06 16:00:00,1.88,5.0,11.77,0.22,15.91,22.92,0.29,13.39,,,,,19.0,Good
Aizawl,2020-06-14 20:00:00,1.0,4.84,11.59,0.06,15.22,28.93,0.17,9.98,3.79,,,,19.0,Good
Aizawl,2020-06-15 08:00:00,,,11.76,0.04,15.36,19.64,0.15,8.68,3.88,,,,19.0,Good
Aizawl,2020-06-16 11:00:00,0.12,18.0,13.14,0.7,18.22,28.85,0.24,7.89,4.3,163.84,163.86,,19.0,Good
Aizawl,2020-06-16 17:00:00,0.88,6.78,11.94,0.11,15.88,20.47,0.2,9.13,3.86,0.06,0.32,,20.0,Good
Aizawl,2020-06-21 15:00:00,,6.8,11.57,0.03,15.28,29.79,0.16,3.16,,,,,19.0,Good
Aizawl,2020-06-25 18:00:00,4.81,22.56,11.45,0.28,15.65,24.62,0.07,1.55,2.06,,,,33.0,Good
Aizawl,2020-06-26 23:00:00,0.18,4.66,11.46,0.08,14.96,21.15,0.01,0.89,1.14,,,,20.0,Good
Aizawl,2020-06-28 15:00:00,0.12,0.06,10.9,0.01,14.26,23.6,0.01,1.38,3.55,,,,19.0,Good
Amaravati,2017-11-28 23:00:00,73.75,104.0,1.55,28.57,16.48,15.2,0.0,9.7,96.55,0.28,6.9,0.1,,
Amaravati,2017-12-10 05:00:00,61.75,96.0,2.12,44.1,25.15,11.65,0.05,14.57,28.9,0.2,5.35,0.1,127.0,Moderate
Amaravati,2017-12-13 15:00:00,59.5,89.0,2.05,18.35,11.4,13.05,0.1,6.98,125.9,0.2,5.3,0.05,138.0,Moderate
Amaravati,2017-12-17 14:00:00,67.0,106.5,0.65,12.4,7.12,20.43,0.1,24.97,141.6,0.1,2.7,0.0,235.0,Poor
Amaravati,2018-01-08 07:00:00,99.25,134.5,1.82,28.2,16.5,24.35,0.08,7.93,63.7,0.4,6.95,0.2,165.0,Moderate
Amaravati,2018-01-15 20:00:00,67.0,118.25,0.18,27.33,14.67,18.32,0.08,8.6,63.2,0.15,7.2,0.05,153.0,Moderate
Amaravati,2018-02-03 07:00:00,56.0,181.75,2.93,42.7,25.12,31.55,0.0,3.82,5.88,0.1,5.38,0.1,112.0,Moderate
Amaravati,2018-02-13 05:00:00,64.0,94.25,0.5,14.22,8.0,10.12,0.76,4.65,16.65,0.1,3.18,0.1,98.0,Satisfactory
Amaravati,2018-02-28 22:00:00,30.75,78.0,4.02,15.03,11.25,22.65,0.93,7.9,21.55,0.03,1.15,,111.0,Moderate
Amaravati,2018-04-08 20:00:00,20.5,62.75,1.7,9.18,6.25,8.85,0.42,9.65,25.0,0.0,1.08,,77.0,Satisfactory
Amaravati,2018-04-09 06:00:00,21.75,42.75,2.62,12.12,8.6,8.23,0.51,6.1,11.3,0.0,1.1,,66.0,Satisfactory
Amaravati,2018-04-19 20:00:00,,,,,,,,,,,,,,
Amaravati,2018-05-04 02:00:00,27.0,36.0,2.75,40.28,23.68,13.42,0.81,7.45,4.9,,,,48.0,Good
Amaravati,2018-05-29 06:00:00,12.75,65.5,5.5,20.3,15.25,8.42,0.43,8.25,25.5,0.38,0.15,,77.0,Satisfactory
Amaravati,2018-06-14 03:00:00,19.75,55.75,1.65,12.55,8.03,10.15,0.34,7.05,27.45,,,,72.0,Satisfactory
Amaravati,2018-07-06 05:00:00,14.75,27.75,1.95,20.47,12.5,14.5,0.24,7.65,13.72,0.3,0.2,,55.0,Satisfactory
Amaravati,2018-07-13 22:00:00,10.75,36.25,1.28,6.2,4.35,12.2,,7.1,31.4,0.2,0.1,,34.0,Good
Amaravati,2018-07-21 16:00:00,13.5,49.0,3.28,9.15,7.57,14.8,0.5,7.75,51.48,0.13,0.2,0.3,131.0,Moderate
Amaravati,2018-08-01 00:00:00,25.0,102.0,2.3,23.43,14.3,16.92,0.38,14.4,23.02,0.15,0.13,,106.0,Moderate
Amaravati,2018-08-01 17:00:00,25.75,105.5,3.8,10.25,8.55,19.93,0.38,4.42,49.0,0.1,0.03,,105.0,Moderate
Amaravati,2018-09-05 12:00:00,9.5,38.5,3.8,11.2,9.1,25.8,0.75,20.1,41.17,0.08,0.03,,105.0,Moderate
Amaravati,2018-09-20 09:00:00,37.5,71.75,6.9,26.08,19.45,17.53,1.21,11.25,18.15,0.1,0.5,,60.0,Satisfactory
Amaravati,2018-09-22 15:00:00,16.75,47.5,2.6,9.83,7.33,12.85,0.5,19.38,58.8,0.0,0.0,,,
Amaravati,2018-11-06 06:00:00,26.75,52.5,29.15,39.25,44.6,2.85,0.97,10.12,9.8,0.0,0.15,,76.0,Satisfactory
Amaravati,2018-11-25 02:00:00,,,,,,,,,,,,,,
Amaravati,2019-01-05 21:00:00,133.0,231.0,7.12,119.5,69.37,8.5,1.96,17.55,22.08,0.1,0.3,0.1,305.0,Very Poor
Amaravati,2019-01-07 08:00:00,122.25,160.0,16.1,84.38,57.95,15.6,2.43,13.58,8.83,0.15,0.28,,304.0,Very Poor
Amaravati,2019-01-12 18:00:00,78.5,125.25,3.35,50.02,29.35,18.2,0.28,12.03,28.42,0.0,0.0,,241.0,Poor
Amaravati,2019-01-27 03:00:00,10.5,24.5,1.43,17.07,10.25,24.2,0.71,8.0,18.6,0.0,0.0,,56.0,Satisfactory
Amaravati,2019-02-13 22:00:00,84.75,140.25,3.1,37.05,22.23,11.0,0.84,6.8,32.35,0.0,0.0,,133.0,Moderate
Amaravati,2019-02-14 19:00:00,54.5,168.25,3.02,37.75,22.52,12.15,0.53,12.35,43.6,0.0,0.0,,146.0,Moderate
Amaravati,2019-03-13 16:00:00,29.5,100.0,1.55,12.85,8.12,11.93,0.27,12.57,60.77,0.7,4.9,0.1,98.0,Satisfactory
Amaravati,2019-06-12 14:00:00,0.25,23.25,10.3,49.23,34.52,1.95,0.4,21.0,32.0,0.18,3.12,0.15,46.0,Good
Amaravati,2019-07-11 12:00:00,5.25,19.5,4.45,26.9,17.9,1.95,0.19,18.32,28.4,0.1,2.1,0.1,29.0,Good
Amaravati,2019-07-24 11:00:00,7.5,18.0,5.65,16.25,13.25,2.2,0.45,10.85,25.8,0.3,1.05,0.1,,
Amaravati,2019-08-16 20:00:00,18.0,31.0,3.7,15.88,11.45,10.57,0.54,13.85,30.62,0.25,2.65,0.33,53.0,Satisfactory
Amaravati,2019-09-23 11:00:00,,,,,,,,,,,,,,
Amaravati,2019-10-23 00:00:00,10.5,19.75,2.2,6.47,5.22,7.78,0.56,7.75,17.3,0.03,1.23,0.1,52.0,Satisfactory
Amaravati,2019-10-23 02:00:00,11.75,31.0,2.35,10.45,7.5,8.25,0.55,11.53,15.97,0.08,1.47,0.1,52.0,Satisfactory
Amaravati,2019-11-12 11:00:00,27.5,49.5,3.1,12.62,9.25,11.25,0.49,3.4,49.23,0.22,0.92,0.1,72.0,Satisfactory
Amaravati,2019-11-17 07:00:00,98.75,134.25,2.42,14.27,9.57,11.47,0.94,5.92,14.75,0.28,20.52,0.1,131.0,Moderate
Amaravati,2020-01-05 18:00:00,27.5,48.5,1.35,13.85,8.43,21.55,0.65,16.35,51.35,0.47,1.83,0.1,60.0,Satisfactory
Amaravati,2020-03-05 22:00:00,16.0,26.0,1.55,5.55,4.2,9.8,0.52,33.0,22.9,0.2,0.4,,41.0,Good
Amaravati,2020-03-25 18:00:00,17.0,45.0,1.57,2.73,2.72,6.92,0.0,20.43,43.75,0.1,0.05,,183.0,Moderate
Amaravati,2020-04-06 00:00:00,25.25,44.0,1.65,3.42,3.17,7.62,,21.62,14.25,0.0,0.12,,47.0,Good
Amaravati,2020-04-07 21:00:00,20.25,38.5,0.9,4.2,2.97,6.15,,23.77,17.05,0.0,0.23,,28.0,Good
Amaravati,2020-05-02 12:00:00,16.25,53.25,0.9,3.1,2.4,11.45,,7.78,44.92,0.0,0.23,,62.0,Satisfactory
Amaravati,2020-06-06 18:00:00,10.5,44.75,1.15,4.98,3.55,3.1,0.39,15.8,43.9,0.0,0.2,,47.0,Good
Amaravati,2020-06-10 20:00:00,25.0,46.0,1.68,15.55,9.62,9.6,0.67,2.2,52.8,0.12,2.3,0.17,82.0,Satisfactory
Amaravati,2020-06-18 07:00:00,5.5,15.25,2.88,15.45,10.53,8.43,0.63,15.5,17.48,0.1,0.7,,38.0,Good
Amritsar,2017-05-05 03:00:00,,93.24,14.97,16.23,,30.7,0.0,11.88,15.31,,,,96.0,Satisfactory
Amritsar,2017-05-20 06:00:00,22.8,,12.95,14.69,,28.02,0.0,2.62,13.36,5.65,,,131.0,Moderate
Amritsar,2017-06-01 12:00:00,34.52,54.71,14.72,15.32,,28.36,0.0,6.33,4.93,5.0,,,,
Amritsar,2017-08-04 14:00:00,,,,,,,,,,,,,,
Amritsar,2017-09-02 20:00:00,23.29,58.37,10.08,18.3,,11.75,1.01,0.96,7.04,1.76,1.36,11.54,67.0,Satisfactory
Amritsar,2017-09-24 06:00:00,15.69,48.1,8.17,14.78,,17.49,0.71,4.82,10.34,1.06,7.35,22.33,103.0,Moderate
Amritsar,2017-10-23 04:00:00,200.5,276.95,12.07,29.85,41.92,35.82,1.27,4.19,10.88,3.35,7.45,27.28,368.0,Very Poor
Amritsar,2017-10-26 04:00:00,212.64,306.43,16.83,44.0,60.83,75.53,1.31,1.31,6.37,2.42,11.63,24.84,315.0,Very Poor
Amritsar,2017-10-27 08:00:00,157.15,312.14,15.49,44.55,60.04,96.43,0.86,12.97,5.32,3.56,11.28,25.28,296.0,Poor
Amritsar,2017-11-25 15:00:00,77.93,164.62,41.04,48.92,89.96,15.44,0.82,12.06,26.51,4.37,8.36,14.46,325.0,Very Poor
Amritsar,2017-11-26 18:00:00,49.49,144.91,46.85,39.67,86.52,14.79,1.57,13.18,35.49,4.76,8.62,15.63,315.0,Very Poor
Amritsar,2017-12-13 09:00:00,38.3,98.88,28.48,18.47,46.95,0.96,2.69,3.8,14.89,2.5,5.2,11.01,112.0,Moderate
Amritsar,2017-12-22 22:00:00,83.2,174.77,5.7,26.06,31.75,3.37,2.56,2.94,18.94,2.0,8.88,12.33,118.0,Moderate
Amritsar,2018-01-25 18:00:00,32.46,75.1,3.88,76.5,80.38,13.62,1.23,2.82,17.71,4.32,6.97,5.42,117.0,Moderate
Amritsar,2018-06-03 21:00:00,147.33,299.02,0.43,8.2,8.58,1.51,0.94,5.66,21.99,0.66,2.6,5.85,164.0,Moderate
Amritsar,2018-06-08 18:00:00,38.9,140.3,,,,,,5.33,43.8,0.56,2.6,6.17,147.0,Moderate
Amritsar,2018-06-12 16:00:00,,,,,,,,,,,,,,
Amritsar,2018-08-31 16:00:00,,,,9.98,,,0.0,,,0.0,,,,
Amritsar,2018-08-31 17:00:00,,74.48,11.54,,5.45,6.47,0.0,6.48,34.55,1.29,1.18,0.52,,
Amritsar,2018-09-22 04:00:00,,42.51,14.95,11.08,26.02,9.71,0.0,2.33,21.96,4.06,5.86,9.9,65.0,Satisfactory
Amritsar,2018-09-24 08:00:00,,15.45,11.22,0.69,11.91,6.82,0.0,,23.22,3.79,5.64,8.64,24.0,Good
Amritsar,2018-09-26 14:00:00,,,,,,,,,,,,,65.0,Satisfactory
Amritsar,2018-10-20 21:00:00,,107.9,20.04,24.95,45.99,19.21,0.0,5.83,7.33,17.8,1.88,11.95,82.0,Satisfactory
Amritsar,2018-10-29 16:00:00,54.95,156.86,19.77,20.12,40.63,13.04,0.0,4.9,56.36,9.4,1.33,5.62,144.0,Moderate
Amritsar,2018-10-31 22:00:00,57.06,163.03,24.87,21.43,46.3,13.21,0.0,7.08,7.75,17.34,3.43,13.84,132.0,Moderate
Amritsar,2018-12-21 04:00:00,42.04,93.31,26.23,32.51,56.74,7.99,0.0,,16.74,5.33,1.51,6.84,108.0,Moderate
Amritsar,2019-01-13 18:00:00,,,,,,,,,,,,,83.0,Satisfactory
Amritsar,2019-02-27 10:00:00,41.25,92.55,14.44,16.27,30.7,9.96,0.0,,12.28,3.62,7.21,3.56,69.0,Satisfactory
Amritsar,2019-03-10 14:00:00,55.19,93.14,11.05,9.54,20.6,12.25,0.17,,65.4,2.02,2.11,3.51,113.0,Moderate
Amritsar,2019-04-07 01:00:00,29.26,100.81,11.57,24.03,35.47,10.62,0.51,,4.08,3.85,2.15,9.63,188.0,Moderate
Amritsar,2019-04-11 13:00:00,59.11,72.66,13.67,19.16,32.83,8.54,0.58,,43.72,2.9,2.14,5.67,95.0,Satisfactory
Amritsar,2019-04-22 23:00:00,62.98,140.5,17.25,15.45,32.7,12.44,0.99,,21.36,6.3,2.36,15.73,166.0,Moderate
Amritsar,2019-05-26 15:00:00,21.33,47.84,13.85,8.54,22.24,7.91,0.72,0.22,46.22,2.89,2.14,6.39,74.0,Satisfactory
Amritsar,2019-05-29 23:00:00,61.79,167.07,22.55,11.06,28.59,15.07,2.28,16.3,9.44,17.17,3.56,,141.0,Moderate
Amritsar,2019-06-24 00:00:00,12.01,87.02,8.43,9.14,7.5,41.51,0.31,24.31,13.68,5.45,1.11,6.21,106.0,Moderate
Amritsar,2019-08-10 19:00:00,24.34,49.58,9.25,9.47,18.72,9.96,0.61,5.3,22.42,3.11,1.12,2.0,46.0,Good
Amritsar,2019-08-27 14:00:00,39.39,64.4,14.39,9.22,23.08,11.2,0.28,4.96,35.88,2.26,1.12,2.0,62.0,Satisfactory
Amritsar,2019-09-07 07:00:00,46.53,67.43,13.34,8.8,22.14,11.07,0.87,6.33,6.62,1.94,1.11,2.0,64.0,Satisfactory
Amritsar,2019-09-22 19:00:00,65.11,96.69,13.26,10.13,22.18,10.39,0.31,,37.81,2.06,1.11,2.0,77.0,Satisfactory
Amritsar,2019-10-02 00:00:00,30.87,80.17,12.75,9.77,22.53,9.29,0.68,37.58,6.92,2.07,1.12,2.0,70.0,Satisfactory
Amritsar,2019-10-14 00:00:00,117.07,183.26,10.8,10.81,20.61,30.77,0.54,6.22,,6.34,1.35,2.0,201.0,Poor
Amritsar,2019-10-17 07:00:00,45.4,68.47,11.75,10.89,21.64,30.3,0.47,8.24,,2.76,5.18,2.0,89.0,Satisfactory
Amritsar,2019-11-18 18:00:00,79.28,146.29,17.34,10.15,27.49,13.05,0.51,10.22,26.14,1.84,1.99,2.0,204.0,Poor
Amritsar,2020-01-25 06:00:00,57.48,89.09,9.66,10.15,19.5,11.7,0.72,8.08,56.55,2.35,2.25,2.0,82.0,Satisfactory
Amritsar,2020-03-07 03:00:00,9.47,48.4,16.6,13.67,25.96,13.79,0.78,7.83,32.52,1.37,1.6,2.0,59.0,Satisfactory
Amritsar,2020-03-07 22:00:00,18.66,62.92,19.63,10.56,28.91,12.72,0.89,7.29,25.55,1.48,1.72,2.0,60.0,Satisfactory
Amritsar,2020-04-29 04:00:00,19.27,58.96,24.95,15.87,33.77,11.67,0.76,7.63,43.57,1.3,1.1,8.82,58.0,Satisfactory
Amritsar,2020-05-24 09:00:00,50.32,71.98,14.58,10.51,23.71,12.36,0.4,5.19,17.0,1.3,1.1,8.82,74.0,Satisfactory
Amritsar,2020-05-24 23:00:00,6.44,99.64,21.6,11.97,32.58,11.11,0.38,2.92,17.0,1.3,1.1,8.82,70.0,Satisfactory
Amritsar,2020-06-04 03:00:00,27.19,,16.81,11.86,26.95,12.49,0.7,26.46,22.67,1.3,1.1,8.82,309.0,Very Poor
Bengaluru,2015-01-10 11:00:00,,,,,,,0.0,,,,,,,
Bengaluru,2015-03-02 17:00:00,,,3.86,9.82,12.92,29.75,3.7,0.41,101.08,,3.7,,,
Bengaluru,2015-05-03 13:00:00,18.19,,2.64,7.74,4.57,12.97,,10.2,13.68,40.55,14.14,,50.0,Good
Bengaluru,2015-07-04 08:00:00,16.85,,0.47,1.42,0.46,5.76,,1.86,,,,,36.0,Good
Bengaluru,2015-07-23 07:00:00,13.05,,3.26,6.99,5.94,7.23,4.0,0.26,3.6,,1.11,,244.0,Poor
Bengaluru,2015-07-26 23:00:00,52.12,,2.47,7.4,5.61,6.81,,2.38,5.68,26.37,3.66,,92.0,Satisfactory
Bengaluru,2015-09-24 06:00:00,15.34,,3.38,19.17,14.11,25.73,2.09,2.21,4.97,,2.09,,67.0,Satisfactory
Bengaluru,2015-10-16 10:00:00,56.17,,3.78,37.54,22.26,36.31,1.2,3.74,15.47,,1.2,,133.0,Moderate
Bengaluru,2015-10-21 23:00:00,52.63,,4.7,37.79,37.52,37.13,1.09,1.61,15.44,,1.02,,80.0,Satisfactory
Bengaluru,2015-11-18 16:00:00,23.15,22.68,3.9,14.2,16.45,20.86,0.28,2.96,,,,,133.0,Moderate
Bengaluru,2016-03-28 22:00:00,60.37,206.61,5.62,38.31,22.99,27.81,1.25,5.38,42.76,,,,123.0,Moderate
Bengaluru,2016-05-05 23:00:00,32.68,29.54,2.42,20.95,12.37,15.91,0.5,5.03,,,,,85.0,Satisfactory
Bengaluru,2016-10-10 08:00:00,12.08,57.17,13.7,27.46,5.06,15.13,0.78,1.8,9.61,0.6,0.78,,200.0,Moderate
Bengaluru,2016-10-13 22:00:00,108.34,,31.04,13.98,10.69,15.05,1.12,3.24,4.53,,1.12,,48.0,Good
Bengaluru,2016-10-30 12:00:00,30.78,,1.36,33.2,6.41,40.42,0.0,3.0,41.83,1.14,2.72,,141.0,Moderate
Bengaluru,2016-10-31 05:00:00,40.68,,4.86,31.35,5.75,39.52,0.65,4.96,26.51,0.37,1.18,,96.0,Satisfactory
Bengaluru,2016-12-23 07:00:00,37.84,150.69,44.8,140.68,0.0,16.86,0.87,10.41,11.34,13.71,14.19,,71.0,Satisfactory
Bengaluru,2017-01-06 21:00:00,73.96,212.97,23.54,104.45,0.0,23.74,1.18,8.07,10.93,7.62,6.77,,99.0,Satisfactory
Bengaluru,2017-04-23 22:00:00,55.61,,4.28,45.38,0.0,27.09,0.0,3.61,11.25,3.92,5.12,,46.0,Good
Bengaluru,2017-04-24 13:00:00,19.36,,3.33,26.15,0.0,30.36,0.0,2.56,31.75,1.0,0.96,,56.0,Satisfactory
Bengaluru,2017-05-08 11:00:00,21.6,124.03,9.42,40.89,0.0,24.83,0.67,3.61,18.11,2.75,1.25,,53.0,Satisfactory
Bengaluru,2017-06-17 14:00:00,23.12,,5.2,29.12,,23.64,,3.67,18.64,0.61,1.45,,55.0,Satisfactory
Bengaluru,2017-07-17 11:00:00,24.96,122.61,8.31,28.56,0.0,26.86,0.48,4.87,57.83,0.71,0.55,,64.0,Satisfactory
Bengaluru,2017-07-28 16:00:00,20.44,87.47,5.57,29.35,0.0,26.87,0.42,4.74,95.33,0.13,0.16,,79.0,Satisfactory
Bengaluru,2017-08-11 04:00:00,14.38,25.69,9.72,27.28,0.0,24.23,0.5,4.25,5.39,1.21,1.72,,43.0,Good
Bengaluru,2017-09-28 11:00:00,8.08,,1.28,12.82,0.0,17.96,0.0,3.52,57.78,1.19,1.05,,38.0,Good
Bengaluru,2017-10-04 03:00:00,18.9,7.8,2.82,18.0,0.0,23.83,0.37,3.94,5.18,0.5,0.81,,63.0,Satisfactory
Bengaluru,2017-11-29 17:00:00,12.11,60.62,10.87,38.22,25.92,,0.47,4.11,34.29,0.0,0.0,,69.0,Satisfactory
Bengaluru,2018-02-15 09:00:00,31.49,65.54,8.69,28.77,20.12,,1.05,1.26,25.56,0.96,0.82,,64.0,Satisfactory
Bengaluru,2018-03-04 11:00:00,50.21,,1.46,11.82,19.85,,1.06,4.18,74.85,0.81,0.91,,78.0,Satisfactory
Bengaluru,2018-03-08 14:00:00,39.1,99.56,3.1,13.99,12.52,,1.17,3.93,57.44,0.0,0.43,,121.0,Moderate
Bengaluru,2018-05-05 21:00:00,46.43,,3.6,71.48,31.64,,0.88,5.12,18.64,0.36,1.03,,125.0,Moderate
Bengaluru,2018-06-21 22:00:00,5.98,164.45,13.38,52.99,32.14,40.27,1.06,4.72,18.89,0.5,1.35,,66.0,Satisfactory
Bengaluru,2018-07-10 16:00:00,32.49,49.25,22.18,29.5,36.17,20.35,1.04,7.15,17.82,0.52,3.39,,62.0,Satisfactory
Bengaluru,2018-09-26 23:00:00,28.01,36.82,19.67,36.98,45.05,10.96,1.14,6.76,9.04,1.12,2.92,,91.0,Satisfactory
Bengaluru,2018-10-08 00:00:00,33.45,107.33,14.26,30.84,38.44,17.09,0.84,7.52,7.38,0.47,1.01,,66.0,Satisfactory
Bengaluru,2019-01-13 12:00:00,67.76,123.37,11.61,48.04,47.57,26.91,0.74,4.85,106.06,0.32,1.05,,124.0,Moderate
Bengaluru,2019-03-11 22:00:00,50.7,106.83,4.84,29.69,24.55,15.7,1.11,6.56,52.43,1.4,5.57,,95.0,Satisfactory
Bengaluru,2019-03-17 21:00:00,49.15,121.95,9.79,43.4,37.44,16.2,1.06,4.9,47.56,1.65,4.89,,119.0,Moderate
Bengaluru,2019-03-31 02:00:00,81.1,104.5,7.5,22.36,18.92,17.43,0.63,4.94,40.63,1.86,7.14,,139.0,Moderate
Bengaluru,2019-08-04 16:00:00,14.2,50.9,10.73,17.77,22.59,11.11,0.66,4.63,23.5,0.31,1.18,,66.0,Satisfactory
Bengaluru,2019-08-24 22:00:00,20.86,100.77,9.09,22.39,28.57,12.62,0.79,5.41,19.4,2.83,2.15,,57.0,Satisfactory
Bengaluru,2019-10-11 00:00:00,50.38,79.04,15.72,46.18,47.67,19.9,0.91,3.81,16.67,1.14,5.79,,136.0,Moderate
Bengaluru,2019-10-16 20:00:00,19.1,63.2,17.86,30.37,38.05,13.98,1.09,3.99,18.56,1.38,4.41,,72.0,Satisfactory
Bengaluru,2020-03-07 20:00:00,46.67,105.01,4.71,35.02,34.94,13.5,1.13,7.29,37.94,0.58,1.66,,95.0,Satisfactory
Bengaluru,2020-04-20 04:00:00,12.39,21.45,2.45,8.34,9.97,9.83,0.51,5.04,19.86,0.16,2.78,,60.0,Satisfactory
Bengaluru,2020-04-26 08:00:00,25.23,56.35,3.55,12.32,13.84,9.05,0.84,4.2,32.55,0.35,0.6,,60.0,Satisfactory
Bengaluru,2020-05-17 23:00:00,12.78,54.19,2.66,10.23,10.24,10.18,0.67,10.79,40.07,0.17,2.2,,64.0,Satisfactory
Bengaluru,2020-05-26 23:00:00,18.12,56.17,4.13,21.16,19.02,9.22,1.17,5.84,30.62,0.16,0.66,,79.0,Satisfactory
Bengaluru,2020-06-24 13:00:00,20.95,52.47,5.15,13.28,15.43,7.94,0.62,7.14,26.59,0.34,0.87,,61.0,Satisfactory
Bhopal,2019-10-01 18:00:00,9.25,25.5,3.77,12.03,9.45,20.38,0.95,7.68,54.7,,,,59.0,Satisfactory
Bhopal,2019-10-03 17:00:00,31.75,157.75,7.4,65.25,40.73,4.57,1.38,10.8,68.62,,,,107.0,Moderate
Bhopal,2019-10-06 02:00:00,35.0,108.75,8.18,55.92,36.4,19.75,1.14,10.03,14.68,,,,111.0,Moderate
Bhopal,2019-10-07 04:00:00,34.0,80.75,2.27,30.22,17.93,18.27,0.72,8.57,28.65,,,,108.0,Moderate
Bhopal,2019-10-10 17:00:00,32.5,80.25,3.73,38.75,23.65,12.15,0.62,9.9,89.65,,,,129.0,Moderate
Bhopal,2019-10-13 16:00:00,30.25,101.75,3.22,23.2,14.93,11.75,0.72,7.6,126.7,,,,171.0,Moderate
Bhopal,2019-10-27 11:00:00,50.75,73.25,6.85,22.18,17.35,15.6,0.82,12.32,29.7,,,,93.0,Satisfactory
Bhopal,2019-10-29 02:00:00,19.5,22.0,0.45,11.8,6.62,9.4,0.36,9.4,53.15,,,,74.0,Satisfactory
Bhopal,2019-11-23 09:00:00,97.0,166.75,3.23,32.62,20.02,17.45,1.06,29.2,81.6,,,,256.0,Poor
Bhopal,2019-11-24 15:00:00,70.0,116.0,1.22,21.15,12.22,18.08,0.74,13.03,175.93,,,,271.0,Poor
Bhopal,2019-11-25 19:00:00,86.0,182.5,4.43,117.6,66.15,20.5,2.6,17.88,37.22,,,,239.0,Poor
Bhopal,2019-11-26 22:00:00,160.0,334.25,62.03,146.92,128.52,20.65,2.94,33.08,20.38,,,,191.0,Moderate
Bhopal,2019-11-28 13:00:00,69.0,134.5,2.33,18.8,11.93,15.47,0.56,57.75,128.35,,,,314.0,Very Poor
Bhopal,2019-12-01 17:00:00,65.75,136.5,0.58,25.7,14.15,13.78,0.79,30.43,121.12,,,,216.0,Poor
Bhopal,2019-12-09 22:00:00,158.75,303.75,22.55,130.35,87.65,23.95,2.89,12.83,17.45,,,,302.0,Very Poor
Bhopal,2019-12-18 21:00:00,83.25,132.0,9.1,78.28,49.02,24.7,1.39,6.92,20.65,,,,184.0,Moderate
Bhopal,2020-01-05 23:00:00,132.25,208.5,22.23,65.15,52.7,31.38,1.99,5.1,15.53,,,,151.0,Moderate
Bhopal,2020-01-06 21:00:00,80.25,158.5,19.25,101.33,69.58,15.93,1.81,22.8,7.08,,,,106.0,Moderate
Bhopal,2020-01-10 23:00:00,73.0,119.5,3.6,39.9,24.12,17.85,0.86,7.05,58.95,,,,120.0,Moderate
Bhopal,2020-01-14 05:00:00,60.25,100.75,1.3,15.22,9.15,26.57,0.52,10.62,68.92,,,,129.0,Moderate
Bhopal,2020-01-18 20:00:00,114.0,196.75,19.43,54.35,44.7,25.62,1.59,18.98,16.15,,,,186.0,Moderate
Bhopal,2020-01-19 23:00:00,128.0,200.25,25.73,80.28,63.62,24.3,2.19,17.45,11.35,,,,106.0,Moderate
Bhopal,2020-01-24 15:00:00,26.25,96.75,3.02,26.05,16.32,12.3,0.74,10.85,92.85,,,,134.0,Moderate
Bhopal,2020-02-29 15:00:00,30.0,101.0,1.12,12.12,7.35,13.43,0.47,16.8,119.8,,,,132.0,Moderate
Bhopal,2020-03-07 18:00:00,31.0,128.75,4.08,36.55,22.7,7.9,0.79,18.73,79.22,,,,121.0,Moderate
Bhopal,2020-03-09 09:00:00,20.0,68.5,2.05,17.4,10.92,12.02,0.43,17.75,73.92,,,,85.0,Satisfactory
Bhopal,2020-03-11 05:00:00,36.0,65.25,1.6,12.43,7.95,26.65,0.58,9.53,33.88,,,,77.0,Satisfactory
Bhopal,2020-03-21 16:00:00,17.75,106.5,1.82,13.97,8.93,9.85,0.43,7.15,106.28,,,,116.0,Moderate
Bhopal,2020-03-22 14:00:00,21.0,87.0,0.3,4.47,2.62,11.18,0.23,12.45,101.6,,,,138.0,Moderate
Bhopal,2020-03-27 23:00:00,20.0,38.75,1.83,11.12,7.38,21.23,0.43,7.75,27.93,,,,47.0,Good
Bhopal,2020-03-31 17:00:00,,,,,,,,,,,,,,
Bhopal,2020-04-01 10:00:00,,,,,,,,,,,,,,
Bhopal,2020-04-02 10:00:00,,,,,,,,,,,,,,
Bhopal,2020-04-05 19:00:00,,,,,,,,,,,,,,
Bhopal,2020-04-10 04:00:00,23.25,94.0,3.25,5.62,5.62,12.75,0.45,10.23,38.02,,,,103.0,Moderate
Bhopal,2020-04-12 07:00:00,,,,,,,,,,,,,102.0,Moderate
Bhopal,2020-04-14 17:00:00,23.25,104.5,2.77,2.83,3.75,11.5,0.39,10.6,83.8,,,,111.0,Moderate
Bhopal,2020-04-14 22:00:00,41.25,128.75,3.2,14.72,10.47,13.23,0.78,12.68,33.35,,,,115.0,Moderate
Bhopal,2020-04-15 16:00:00,26.0,85.25,2.92,5.15,5.15,11.95,0.45,10.75,98.4,,,,98.0,Satisfactory
Bhopal,2020-04-25 09:00:00,64.0,137.25,3.17,9.0,7.38,15.07,0.46,12.12,62.73,,,,119.0,Moderate
Bhopal,2020-04-25 15:00:00,16.0,118.25,2.92,5.12,5.1,9.83,0.2,7.12,83.55,,,,119.0,Moderate
Bhopal,2020-05-06 19:00:00,14.0,80.0,0.43,8.2,4.72,10.15,0.35,8.22,93.2,,,,137.0,Moderate
Bhopal,2020-05-07 07:00:00,16.75,44.75,0.85,10.53,6.28,13.57,0.36,21.8,64.8,,,,80.0,Satisfactory
Bhopal,2020-05-15 22:00:00,25.25,55.75,0.65,14.65,8.3,14.1,0.47,12.72,78.15,,,,111.0,Moderate
Bhopal,2020-05-16 22:00:00,33.0,82.5,1.18,18.4,10.8,15.1,0.54,9.82,72.75,,,,137.0,Moderate
Bhopal,2020-06-05 02:00:00,11.0,23.0,0.4,4.6,2.67,16.57,0.27,8.75,53.33,,,,53.0,Satisfactory
Bhopal,2020-06-16 09:00:00,14.0,29.5,3.42,10.47,8.38,14.7,0.41,8.3,65.53,,,,77.0,Satisfactory
Bhopal,2020-06-17 07:00:00,12.25,25.5,3.05,10.68,8.15,16.55,0.39,33.45,78.78,,,,90.0,Satisfactory
Bhopal,2020-06-25 10:00:00,14.75,46.5,1.62,7.4,5.28,21.05,0.43,8.28,45.27,,,,49.0,Good
Bhopal,2020-06-28 22:00:00,15.0,29.25,1.05,5.75,3.88,19.02,0.46,16.4,56.75,,,,57.0,Satisfactory
Brajrajnagar,2017-12-19 02:00:00,77.64,132.78,,18.19,,7.17,2.71,6.26,4.49,0.0,,,144.0,Moderate
Brajrajnagar,2018-01-22 04:00:00,,,,,,,,,,,,,,
Brajrajnagar,2018-02-14 08:00:00,30.16,58.14,8.78,15.76,24.55,9.25,3.82,7.48,5.57,,,,123.0,Moderate
Brajrajnagar,2018-02-17 19:00:00,89.85,220.06,10.97,26.66,37.64,9.69,3.43,6.6,4.67,0.0,,,211.0,Poor
Brajrajnagar,2018-02-25 10:00:00,173.19,256.03,16.66,36.93,53.59,13.55,4.35,17.03,7.34,0.0,,,284.0,Poor
Brajrajnagar,2018-03-18 20:00:00,191.89,448.11,11.57,42.76,54.32,8.39,3.9,16.47,6.56,0.0,,,236.0,Poor
Brajrajnagar,2018-03-20 05:00:00,111.42,200.61,11.43,27.07,38.51,8.47,4.05,14.37,5.01,0.0,,,203.0,Poor
Brajrajnagar,2018-05-28 18:00:00,50.6,93.06,6.8,12.24,19.04,5.66,2.95,13.01,43.84,0.22,,,113.0,Moderate
Brajrajnagar,2018-06-04 19:00:00,,,3.31,13.23,16.52,8.62,2.84,12.9,13.66,1.35,,,,
Brajrajnagar,2018-06-07 15:00:00,42.43,80.28,1.44,8.9,10.35,17.72,2.35,12.79,40.0,0.0,,,105.0,Moderate
Brajrajnagar,2018-06-16 14:00:00,53.46,,2.79,12.59,15.38,6.49,2.45,12.27,41.24,0.58,,,226.0,Poor
Brajrajnagar,2018-07-08 17:00:00,33.44,76.05,2.32,8.79,11.1,4.04,2.18,13.18,9.8,0.0,,,103.0,Moderate
Brajrajnagar,2018-07-31 23:00:00,40.53,58.98,7.38,9.34,16.72,4.8,0.0,12.44,5.76,0.66,,,85.0,Satisfactory
Brajrajnagar,2018-08-16 12:00:00,13.97,38.13,11.28,11.38,22.65,3.95,0.0,13.78,3.82,0.0,,,22.0,Good
Brajrajnagar,2018-11-01 03:00:00,35.59,56.96,59.62,5.38,26.53,15.79,0.45,12.4,2.54,0.0,,,52.0,Satisfactory
Brajrajnagar,2018-11-23 00:00:00,,,,,,,,,,,,,,
Brajrajnagar,2018-12-16 16:00:00,33.14,49.56,6.67,8.95,13.41,32.25,1.2,12.7,10.71,63.79,,,146.0,Moderate
Brajrajnagar,2018-12-20 21:00:00,202.39,331.62,48.01,22.45,74.04,13.73,1.93,15.54,5.08,47.02,,,195.0,Moderate
Brajrajnagar,2018-12-21 16:00:00,25.4,59.82,7.01,21.0,20.49,41.51,1.27,13.35,7.61,3.0,,,234.0,Poor
Brajrajnagar,2018-12-25 15:00:00,33.99,41.14,8.09,11.82,18.78,61.47,1.88,13.75,10.62,24.73,,,243.0,Poor
Brajrajnagar,2019-01-27 04:00:00,32.49,41.69,16.12,11.2,27.01,49.78,3.02,13.79,4.15,0.0,,,115.0,Moderate
Brajrajnagar,2019-01-30 20:00:00,323.5,614.54,40.52,34.79,66.85,38.6,2.92,17.87,4.86,0.0,,,128.0,Moderate
Brajrajnagar,2019-02-22 04:00:00,133.87,202.37,35.41,34.93,55.51,32.59,3.75,16.23,4.38,0.0,,,242.0,Poor
Brajrajnagar,2019-02-27 20:00:00,68.03,140.34,14.33,19.0,33.76,51.71,2.84,15.39,5.76,0.0,,,114.0,Moderate
Brajrajnagar,2019-03-12 13:00:00,81.66,168.85,8.99,14.26,19.7,14.87,2.89,8.79,20.1,0.0,,,251.0,Poor
Brajrajnagar,2019-03-13 16:00:00,61.59,128.14,7.43,10.21,17.17,32.09,3.11,7.3,27.47,0.0,,,197.0,Moderate
Brajrajnagar,2019-03-28 07:00:00,82.21,122.84,14.72,25.98,35.18,61.39,2.84,7.87,3.06,0.0,,,250.0,Poor
Brajrajnagar,2019-04-18 10:00:00,,,,,,,,,,,,,,
Brajrajnagar,2019-04-29 23:00:00,,,,,,,,,,,,,,
Brajrajnagar,2019-05-04 03:00:00,,54.4,10.36,9.57,22.43,149.17,2.15,5.84,2.85,0.0,,,,
Brajrajnagar,2019-05-31 18:00:00,,,,,,,,,,,,,113.0,Moderate
Brajrajnagar,2019-07-06 09:00:00,15.38,22.39,0.58,7.76,7.51,68.81,1.97,2.22,5.64,3.05,,,102.0,Moderate
Brajrajnagar,2019-07-23 01:00:00,32.74,57.04,5.98,33.54,10.04,144.05,1.75,1.48,3.98,0.0,,,100.0,Satisfactory
Brajrajnagar,2019-07-30 09:00:00,6.26,15.43,1.47,4.4,4.01,98.95,1.77,1.01,6.57,0.0,,,95.0,Satisfactory
Brajrajnagar,2019-08-24 08:00:00,6.08,15.46,2.91,21.95,6.83,44.23,1.77,4.35,3.9,0.0,,,,
Brajrajnagar,2019-09-21 14:00:00,57.48,73.43,2.08,11.23,10.85,8.4,1.93,14.05,7.38,0.0,,,101.0,Moderate
Brajrajnagar,2019-09-28 06:00:00,8.62,15.33,5.05,1.82,6.79,55.72,1.95,8.32,3.51,0.0,,,103.0,Moderate
Brajrajnagar,2019-10-07 05:00:00,,,6.16,2.96,8.8,5.38,2.04,7.3,3.83,0.0,,,103.0,Moderate
Brajrajnagar,2019-10-09 15:00:00,59.34,66.44,2.23,6.22,6.17,45.23,1.94,10.74,4.94,0.0,,,102.0,Moderate
Brajrajnagar,2019-11-24 14:00:00,69.64,113.01,20.72,5.62,4.74,83.43,0.86,11.71,10.12,0.0,,,161.0,Moderate
Brajrajnagar,2019-11-25 16:00:00,60.06,101.9,1.0,5.23,4.09,11.71,1.01,13.43,12.2,0.0,,,,
Brajrajnagar,2019-11-30 09:00:00,74.82,134.51,,,0.0,,0.0,,,0.0,,,218.0,Poor
Brajrajnagar,2019-12-27 08:00:00,83.65,112.22,18.57,6.78,19.93,62.16,1.0,4.36,32.43,0.0,,,221.0,Poor
Brajrajnagar,2020-01-03 11:00:00,32.53,43.32,13.96,10.56,21.23,28.78,1.27,2.62,37.03,0.0,,,70.0,Satisfactory
Brajrajnagar,2020-01-13 17:00:00,,,9.63,23.17,34.22,37.54,1.83,9.75,47.05,0.0,,,,
Brajrajnagar,2020-01-26 15:00:00,33.7,71.82,,,0.0,,0.0,,,0.0,,,152.0,Moderate
Brajrajnagar,2020-02-09 09:00:00,55.06,111.79,6.64,8.66,14.87,42.28,0.04,6.04,34.92,0.0,,,97.0,Satisfactory
Brajrajnagar,2020-03-04 04:00:00,,26.11,9.52,28.94,13.46,119.38,0.05,6.04,41.84,0.0,,,84.0,Satisfactory
Brajrajnagar,2020-05-13 20:00:00,,,,,,,,,,,,,,
Brajrajnagar,2020-06-16 07:00:00,,,,,,,,,,,,,,
Chandigarh,2019-09-04 04:00:00,27.12,81.48,,,,,0.37,4.32,17.72,3.73,0.01,4.34,105.0,Moderate
Chandigarh,2019-09-05 12:00:00,,37.29,12.01,4.72,16.72,1.06,0.56,,8.44,4.3,1.82,60.3,75.0,Satisfactory
Chandigarh,2019-09-21 23:00:00,42.17,107.84,13.62,8.22,14.95,6.25,1.18,6.28,8.04,5.23,1.88,1.34,72.0,Satisfactory
Chandigarh,2019-09-25 10:00:00,30.8,80.31,15.39,8.09,16.37,7.51,0.89,7.34,11.18,5.22,1.81,1.85,103.0,Moderate
Chandigarh,2019-09-30 04:00:00,,,,,,,0.48,16.72,8.58,4.17,2.52,2.13,,
Chandigarh,2019-09-30 22:00:00,,146.28,52.58,5.45,45.13,9.06,1.37,19.53,5.41,10.52,1.92,2.98,,
Chandigarh,2019-10-05 03:00:00,20.13,74.21,,,,,0.54,20.52,7.38,4.36,2.28,1.76,73.0,Satisfactory
Chandigarh,2019-10-05 21:00:00,39.79,114.92,8.55,5.33,9.58,6.04,0.5,15.3,10.26,4.31,2.17,1.29,73.0,Satisfactory
Chandigarh,2019-10-28 02:00:00,,,22.47,5.91,21.34,18.06,0.81,8.14,3.11,3.31,7.33,0.75,328.0,Very Poor
Chandigarh,2019-11-18 07:00:00,69.79,96.41,,,,,0.51,9.04,8.48,1.09,2.65,4.12,78.0,Satisfactory
Chandigarh,2019-11-18 13:00:00,,,0.82,14.26,8.22,1.53,0.93,8.51,36.81,1.11,3.92,2.31,89.0,Satisfactory
Chandigarh,2019-12-12 11:00:00,44.8,58.89,63.7,30.44,65.49,38.71,1.29,7.76,4.91,3.42,0.64,1.03,317.0,Very Poor
Chandigarh,2019-12-22 11:00:00,48.53,67.64,3.58,15.41,10.43,35.27,0.55,6.07,10.68,0.07,0.11,0.77,102.0,Moderate
Chandigarh,2019-12-26 22:00:00,48.48,109.19,1.55,10.72,6.97,21.38,0.57,5.91,9.94,6.03,0.15,0.65,79.0,Satisfactory
Chandigarh,2019-12-29 05:00:00,41.12,42.99,7.43,9.46,11.15,23.61,0.7,3.9,8.71,7.5,0.26,0.65,167.0,Moderate
Chandigarh,2020-01-04 18:00:00,40.11,93.09,0.91,15.83,8.83,45.13,0.51,7.94,8.09,4.87,0.69,0.72,102.0,Moderate
Chandigarh,2020-01-16 21:00:00,55.98,103.81,9.65,9.81,11.75,30.8,1.02,7.05,5.17,8.55,0.23,0.29,79.0,Satisfactory
Chandigarh,2020-01-23 16:00:00,26.12,80.33,,8.34,4.97,52.46,0.33,6.36,27.61,4.06,0.18,0.62,69.0,Satisfactory
Chandigarh,2020-01-31 00:00:00,28.46,62.95,1.6,10.6,6.82,54.19,0.48,4.03,3.0,4.83,0.18,0.68,64.0,Satisfactory
Chandigarh,2020-02-01 05:00:00,53.83,111.94,,,0.0,,0.9,6.48,7.08,8.19,0.51,0.91,96.0,Satisfactory
Chandigarh,2020-02-22 19:00:00,18.26,46.18,0.59,15.63,8.38,64.02,0.45,10.75,21.65,3.85,0.14,2.33,57.0,Satisfactory
Chandigarh,2020-02-23 13:00:00,34.53,77.33,4.96,19.21,14.65,74.56,0.58,12.39,32.63,5.69,0.13,3.84,64.0,Satisfactory
Chandigarh,2020-02-26 17:00:00,34.44,87.48,1.32,17.74,10.31,41.92,0.62,13.58,32.97,5.93,0.2,1.57,81.0,Satisfactory
Chandigarh,2020-03-01 05:00:00,16.88,52.08,37.28,10.68,36.4,35.42,0.68,7.33,3.22,5.72,0.12,1.16,81.0,Satisfactory
Chandigarh,2020-03-16 01:00:00,13.79,63.62,3.35,8.47,6.85,64.45,0.55,9.39,4.94,3.99,2.61,1.13,40.0,Good
Chandigarh,2020-03-22 11:00:00,18.71,37.38,2.64,10.52,8.17,92.27,0.42,11.89,19.98,3.95,0.2,1.07,65.0,Satisfactory
Chandigarh,2020-03-26 04:00:00,10.62,27.58,2.11,7.42,5.57,39.15,0.46,9.09,7.52,3.16,0.13,1.05,37.0,Good
Chandigarh,2020-03-27 20:00:00,7.89,12.2,0.63,2.07,0.0,,0.43,,7.87,,,,37.0,Good
Chandigarh,2020-03-31 21:00:00,14.25,34.42,0.58,9.25,5.22,33.93,0.41,11.28,14.45,3.5,0.13,1.0,40.0,Good
Chandigarh,2020-04-02 22:00:00,9.15,29.81,1.51,12.49,7.77,34.71,0.48,11.2,10.26,3.75,0.13,1.29,37.0,Good
Chandigarh,2020-04-07 08:00:00,14.07,36.01,1.35,10.86,6.47,51.36,0.41,6.57,15.26,3.37,0.45,0.93,50.0,Good
Chandigarh,2020-04-07 15:00:00,8.66,37.28,0.81,9.41,5.57,44.29,0.37,6.67,27.09,2.72,0.45,0.77,42.0,Good
Chandigarh,2020-04-11 13:00:00,19.74,44.94,0.76,9.72,6.01,36.14,0.43,8.07,40.89,2.91,0.6,0.98,41.0,Good
Chandigarh,2020-04-14 09:00:00,13.28,34.49,3.8,15.51,11.43,41.93,0.57,9.03,20.02,3.77,0.6,1.24,46.0,Good
Chandigarh,2020-04-15 15:00:00,18.86,89.89,0.49,7.32,4.26,19.23,0.28,8.37,67.38,2.78,0.43,0.52,76.0,Satisfactory
Chandigarh,2020-04-18 10:00:00,5.27,28.75,2.29,14.35,9.59,40.16,0.33,8.94,25.12,2.15,0.44,1.02,51.0,Satisfactory
Chandigarh,2020-04-18 22:00:00,8.48,25.56,1.86,9.43,6.54,27.84,0.49,12.48,20.39,2.1,0.54,1.24,57.0,Satisfactory
Chandigarh,2020-04-29 05:00:00,11.21,30.48,5.85,12.78,11.25,61.01,0.71,12.26,,4.32,0.56,1.42,38.0,Good
Chandigarh,2020-04-30 13:00:00,25.92,61.38,0.44,8.65,5.0,38.67,0.45,15.94,35.74,3.13,0.39,0.74,56.0,Satisfactory
Chandigarh,2020-05-07 14:00:00,17.62,50.2,1.3,10.91,6.72,30.17,0.48,9.89,45.93,1.46,0.12,1.07,52.0,Satisfactory
Chandigarh,2020-05-13 06:00:00,21.96,52.92,2.43,14.43,9.52,23.32,0.66,7.55,11.94,2.18,0.33,0.48,53.0,Satisfactory
Chandigarh,2020-05-14 16:00:00,36.24,129.72,0.46,8.72,5.06,41.52,0.36,6.96,32.32,1.58,0.19,0.67,79.0,Satisfactory
Chandigarh,2020-05-29 08:00:00,10.61,47.05,4.83,6.76,11.94,29.25,0.53,12.87,27.37,3.05,0.17,0.88,95.0,Satisfactory
Chandigarh,2020-05-30 16:00:00,17.16,58.84,3.64,5.47,8.35,32.49,0.31,7.37,49.66,3.21,0.15,0.33,57.0,Satisfactory
Chandigarh,2020-06-02 18:00:00,10.54,41.04,,,,,0.24,10.93,28.59,2.26,0.21,0.59,61.0,Satisfactory
Chandigarh,2020-06-11 18:00:00,26.31,89.73,0.59,5.22,3.11,23.46,0.24,12.63,71.4,1.93,0.28,0.43,90.0,Satisfactory
Chandigarh,2020-06-17 12:00:00,11.84,35.42,0.75,8.31,5.03,33.33,0.34,11.86,45.26,2.64,0.36,0.8,57.0,Satisfactory
Chandigarh,2020-06-17 15:00:00,31.54,60.51,0.1,5.79,3.01,26.46,0.31,14.26,74.26,2.55,0.38,0.51,74.0,Satisfactory
Chandigarh,2020-06-21 13:00:00,25.13,55.52,0.43,10.86,5.86,47.6,0.25,,43.29,5.42,0.29,0.61,79.0,Satisfactory
Chandigarh,2020-06-23 19:00:00,19.1,37.59,1.02,10.96,6.29,28.49,0.3,8.15,41.77,3.92,0.27,1.0,49.0,Good
Chennai,2015-01-06 08:00:00,,,25.15,30.07,12.81,12.49,0.92,7.98,23.6,,,,,
Chennai,2015-02-13 04:00:00,,,11.39,14.01,13.5,80.7,1.21,6.78,13.59,,,,,
Chennai,2015-03-16 13:00:00,,,7.83,13.12,14.5,9.25,0.88,6.09,83.16,,,,,
Chennai,2015-03-28 16:00:00,24.81,,18.31,33.51,20.66,15.62,1.5,10.71,28.93,,,,,
Chennai,2015-04-08 01:00:00,82.07,,7.74,19.1,17.19,10.0,0.64,4.33,27.09,,,,90.0,Satisfactory
Chennai,2015-06-15 09:00:00,59.15,,4.88,14.59,15.91,58.19,2.09,9.42,38.04,,,,227.0,Poor
Chennai,2015-07-27 10:00:00,55.54,,5.4,18.81,17.43,42.15,0.88,9.28,25.86,,,,113.0,Moderate
Chennai,2015-08-11 17:00:00,66.62,,8.19,15.23,19.47,28.47,0.97,14.15,23.81,,,,93.0,Satisfactory
Chennai,2015-08-16 08:00:00,63.46,,8.15,15.98,19.88,54.85,1.02,15.48,14.35,,,,122.0,Moderate
Chennai,2015-09-04 07:00:00,26.84,,9.88,17.83,19.89,36.7,2.15,22.24,39.05,,,,80.0,Satisfactory
Chennai,2015-09-30 15:00:00,41.56,,12.09,11.73,18.14,13.7,0.96,10.86,52.58,,,,169.0,Moderate
Chennai,2015-11-06 00:00:00,46.8,,14.35,23.75,19.87,23.62,1.13,5.64,28.8,,,,110.0,Moderate
Chennai,2015-11-30 03:00:00,20.77,,4.17,6.61,9.79,164.01,1.74,5.36,46.56,,,,88.0,Satisfactory
Chennai,2015-12-22 00:00:00,55.32,,9.19,15.44,25.68,181.34,1.07,1.38,26.98,,,,118.0,Moderate
Chennai,2015-12-23 08:00:00,51.2,,25.28,32.69,58.8,141.28,1.04,1.17,31.54,,,,95.0,Satisfactory
Chennai,2016-02-28 17:00:00,31.32,,4.9,10.3,8.93,,1.78,2.31,27.8,1.27,1.89,,70.0,Satisfactory
Chennai,2016-05-03 02:00:00,65.09,,5.65,15.12,14.76,178.36,0.67,3.72,28.94,1.07,1.52,,136.0,Moderate
Chennai,2016-06-10 02:00:00,,,,,,,,,,,,,,
Chennai,2016-07-10 11:00:00,53.5,,6.17,13.78,13.54,106.5,0.78,2.57,23.7,1.2,4.74,,72.0,Satisfactory
Chennai,2016-10-26 07:00:00,98.8,,6.84,28.48,15.25,,0.0,15.61,2.86,3.18,7.28,,197.0,Moderate
Chennai,2016-11-09 07:00:00,86.02,,13.39,23.99,20.2,,0.0,3.29,2.6,0.0,0.76,,153.0,Moderate
Chennai,2016-11-28 07:00:00,101.14,,7.51,31.49,20.16,,0.0,8.93,5.5,0.53,0.0,,208.0,Poor
Chennai,2016-12-01 09:00:00,93.97,,2.33,25.3,13.27,,0.0,2.58,57.84,0.16,0.0,,189.0,Moderate
Chennai,2017-01-10 20:00:00,38.08,,4.01,15.56,11.09,,0.0,2.25,14.6,0.0,0.0,,434.0,Severe
Chennai,2017-04-02 22:00:00,30.42,,3.09,9.78,6.91,,0.0,5.12,11.89,0.0,0.0,,63.0,Satisfactory
Chennai,2017-04-22 11:00:00,52.2,,2.98,12.74,10.28,,0.36,2.3,92.13,0.0,0.0,,197.0,Moderate
Chennai,2017-05-17 17:00:00,218.25,,10.37,17.38,11.8,,0.0,6.62,,0.46,0.63,,155.0,Moderate
Chennai,2017-07-26 18:00:00,,,5.39,9.91,8.57,,0.0,3.31,24.3,0.0,0.0,,230.0,Poor
Chennai,2018-04-02 10:00:00,56.81,,15.05,25.38,20.55,21.39,0.84,6.56,53.43,0.0,5.13,,70.0,Satisfactory
Chennai,2018-04-18 16:00:00,68.03,,22.24,30.58,26.95,32.81,2.09,3.36,44.3,3.28,10.22,,56.0,Satisfactory
Chennai,2018-05-03 04:00:00,33.66,,11.91,22.62,19.13,117.24,0.54,2.1,43.66,0.81,1.5,,115.0,Moderate
Chennai,2018-06-12 01:00:00,47.96,,9.05,21.05,16.23,17.9,0.91,6.72,15.92,0.0,0.0,,82.0,Satisfactory
Chennai,2018-10-16 03:00:00,17.25,,8.6,10.22,18.82,60.25,0.84,7.58,21.38,0.0,0.0,,71.0,Satisfactory
Chennai,2018-12-12 03:00:00,109.68,,18.19,26.1,42.99,19.28,0.71,7.77,22.9,0.0,1.82,,197.0,Moderate
Chennai,2019-02-24 10:00:00,48.85,,5.84,11.92,17.77,15.58,1.03,6.18,48.88,0.0,0.0,,82.0,Satisfactory
Chennai,2019-03-20 19:00:00,51.16,,34.6,32.86,55.37,40.13,0.77,4.16,17.63,0.0,2.27,,114.0,Moderate
Chennai,2019-04-02 09:00:00,53.26,,6.45,12.18,18.63,1.33,1.08,6.02,24.66,0.0,0.0,,145.0,Moderate
Chennai,2019-04-26 20:00:00,29.54,,5.83,10.77,16.6,1.79,1.13,5.44,13.85,0.0,0.0,,75.0,Satisfactory
Chennai,2019-05-02 04:00:00,25.44,,3.89,12.46,16.35,2.22,0.63,5.18,19.4,0.55,0.0,,83.0,Satisfactory
Chennai,2019-07-02 18:00:00,48.86,,6.54,21.64,28.18,6.71,0.87,5.57,32.08,0.0,2.85,,63.0,Satisfactory
Chennai,2019-08-18 20:00:00,16.06,22.63,7.55,15.33,22.87,28.61,0.62,4.27,18.31,0.0,4.69,,43.0,Good
Chennai,2019-10-01 01:00:00,26.71,148.01,6.62,12.23,13.23,8.36,0.9,7.33,67.86,0.0,0.0,,92.0,Satisfactory
Chennai,2019-11-13 14:00:00,18.94,94.37,5.35,11.79,12.76,58.59,0.47,4.8,48.74,0.04,1.24,,77.0,Satisfactory
Chennai,2019-11-26 05:00:00,45.29,53.8,8.08,16.76,24.84,48.52,0.37,15.3,14.2,0.0,0.85,,73.0,Satisfactory
Chennai,2019-12-21 07:00:00,76.57,82.93,15.16,22.24,37.04,111.7,1.0,7.39,17.13,7.19,0.0,,112.0,Moderate
Chennai,2020-01-29 09:00:00,64.94,86.92,18.63,23.72,42.35,41.82,1.48,12.41,23.27,13.6,0.0,,80.0,Satisfactory
Chennai,2020-02-06 00:00:00,40.82,44.61,10.08,17.92,27.98,35.52,0.84,10.65,25.3,0.0,0.0,,91.0,Satisfactory
Chennai,2020-02-24 05:00:00,27.78,56.91,17.79,14.11,28.13,97.72,0.96,8.64,9.16,1.21,0.0,,63.0,Satisfactory
Chennai,2020-04-13 23:00:00,21.43,,5.65,6.9,10.35,42.54,0.62,15.98,36.33,0.3,0.0,,61.0,Satisfactory
Chennai,2020-05-03 00:00:00,14.7,,4.03,2.83,6.81,24.0,0.7,6.79,40.6,0.27,0.0,,77.0,Satisfactory
Coimbatore,2019-06-15 10:00:00,31.17,41.99,7.71,4.83,12.55,6.47,1.12,10.0,22.2,0.03,0.97,,59.0,Satisfactory
Coimbatore,2019-07-09 07:00:00,19.6,24.98,13.39,16.18,29.57,31.99,1.12,9.23,7.97,0.02,0.1,,63.0,Satisfactory
Coimbatore,2019-07-11 21:00:00,51.49,58.81,13.8,16.04,29.83,28.81,1.22,10.23,7.76,0.06,0.65,,68.0,Satisfactory
Coimbatore,2019-07-23 12:00:00,,,11.71,16.8,28.52,28.13,1.43,9.32,27.06,0.04,0.19,,72.0,Satisfactory
Coimbatore,2019-07-23 13:00:00,34.13,35.64,9.53,15.59,25.12,28.21,1.39,11.18,32.11,0.04,0.15,,72.0,Satisfactory
Coimbatore,2019-08-26 23:00:00,22.29,29.67,8.22,6.03,14.26,,1.39,8.21,17.86,0.01,0.0,,82.0,Satisfactory
Coimbatore,2019-09-04 12:00:00,24.12,41.53,10.15,8.82,18.99,2.69,1.7,12.94,19.04,0.02,0.0,,96.0,Satisfactory
Coimbatore,2019-09-06 17:00:00,18.57,40.85,8.08,2.96,11.05,4.35,1.83,8.0,20.66,0.0,0.46,,92.0,Satisfactory
Coimbatore,2019-09-07 09:00:00,15.6,19.48,9.38,6.34,15.71,3.79,1.76,8.59,15.05,0.02,0.04,,102.0,Moderate
Coimbatore,2019-09-17 22:00:00,26.18,29.27,7.68,4.3,11.98,4.31,1.66,8.69,11.0,0.01,0.07,,86.0,Satisfactory
Coimbatore,2019-09-20 23:00:00,,,7.26,15.08,22.34,0.7,1.4,8.93,8.3,0.01,0.08,,93.0,Satisfactory
Coimbatore,2019-09-27 05:00:00,33.69,35.28,10.72,11.94,22.67,2.8,1.67,10.37,0.49,0.02,0.23,,84.0,Satisfactory
Coimbatore,2019-10-07 22:00:00,16.93,18.01,5.98,0.93,6.91,4.94,1.53,8.83,36.53,0.02,0.04,,79.0,Satisfactory
Coimbatore,2019-10-12 11:00:00,31.77,41.28,7.88,14.89,22.84,0.28,1.79,11.03,59.77,0.01,0.11,,95.0,Satisfactory
Coimbatore,2019-10-17 13:00:00,0.1,2.34,8.76,16.08,24.84,4.89,1.92,12.71,49.53,0.0,0.0,,,
Coimbatore,2019-10-25 19:00:00,50.88,53.62,8.5,15.81,24.36,5.28,1.91,17.38,32.41,0.0,0.0,,96.0,Satisfactory
Coimbatore,2019-10-30 03:00:00,,9.13,5.76,3.89,9.65,7.35,1.66,9.14,27.24,0.0,0.0,,95.0,Satisfactory
Coimbatore,2019-11-04 19:00:00,43.53,60.94,17.93,91.45,109.42,,1.97,17.13,17.61,0.0,0.0,,,
Coimbatore,2019-11-23 15:00:00,30.8,45.06,7.47,22.24,29.72,1.81,0.73,16.89,65.76,0.0,0.0,,68.0,Satisfactory
Coimbatore,2019-12-05 19:00:00,59.66,82.94,14.79,77.99,92.84,,1.25,15.26,25.97,0.01,0.02,,78.0,Satisfactory
Coimbatore,2019-12-30 00:00:00,,,0.52,,,7.58,0.07,,56.05,0.01,0.0,,,
Coimbatore,2020-01-02 12:00:00,25.49,43.19,0.68,,,5.26,0.24,2.77,41.79,0.02,0.0,,58.0,Satisfactory
Coimbatore,2020-01-05 12:00:00,23.31,32.3,1.08,22.23,23.17,,0.16,6.6,31.54,0.01,0.0,,72.0,Satisfactory
Coimbatore,2020-01-18 01:00:00,45.38,50.44,0.32,72.75,73.09,,0.18,6.48,28.56,0.01,0.0,,86.0,Satisfactory
Coimbatore,2020-01-29 13:00:00,48.59,63.76,1.06,31.7,32.81,,0.09,0.14,84.61,0.01,0.0,,93.0,Satisfactory
Coimbatore,2020-02-27 16:00:00,44.41,64.47,0.41,36.23,36.7,,0.77,11.02,93.23,0.0,0.0,,97.0,Satisfactory
Coimbatore,2020-03-03 20:00:00,65.17,81.82,0.53,41.17,41.64,,0.84,8.02,68.03,0.01,0.0,,153.0,Moderate
Coimbatore,2020-03-18 17:00:00,26.26,42.53,0.67,67.29,68.01,,0.52,9.15,72.88,0.0,0.0,,81.0,Satisfactory
Coimbatore,2020-03-29 04:00:00,,,0.6,56.43,57.05,,0.63,6.0,14.25,0.0,0.08,,,
Coimbatore,2020-03-30 00:00:00,,,1.21,87.75,88.95,,0.68,6.0,22.78,0.0,0.0,,,
Coimbatore,2020-03-30 01:00:00,,25.45,1.24,88.91,90.05,,0.7,6.22,19.08,0.0,0.05,,,
Coimbatore,2020-04-07 06:00:00,13.07,13.51,0.43,51.36,51.8,,0.45,6.15,25.84,0.0,0.0,,,
Coimbatore,2020-04-11 11:00:00,15.09,15.19,0.46,46.45,46.89,,0.56,6.54,20.16,0.0,0.0,,,
Coimbatore,2020-04-12 11:00:00,24.96,272.75,0.81,69.62,70.38,,0.65,6.19,23.06,0.0,0.09,,,
Coimbatore,2020-04-12 12:00:00,24.38,258.84,0.86,73.32,74.27,,0.65,5.98,27.41,0.0,0.09,,93.0,Satisfactory
Coimbatore,2020-04-16 04:00:00,23.33,24.46,1.26,84.14,85.4,,0.6,6.16,9.74,0.0,0.01,,92.0,Satisfactory
Coimbatore,2020-04-27 23:00:00,,,,,,,,,,,,,,
Coimbatore,2020-05-01 13:00:00,20.99,21.35,0.59,27.27,27.83,,1.41,6.45,22.84,0.0,0.0,,77.0,Satisfactory
Coimbatore,2020-05-04 04:00:00,30.7,35.76,1.14,49.36,50.52,,1.41,5.89,10.99,0.0,0.0,,80.0,Satisfactory
Coimbatore,2020-05-11 16:00:00,45.2,58.78,,,,23.45,,2.98,28.13,0.0,0.0,,49.0,Good
Coimbatore,2020-05-11 20:00:00,,,,,,,,,,,,,52.0,Satisfactory
Coimbatore,2020-05-26 17:00:00,26.41,48.52,,34.45,22.6,,0.92,6.29,32.62,0.0,0.03,,52.0,Satisfactory
Coimbatore,2020-05-30 11:00:00,25.77,27.91,,46.34,40.8,,1.06,5.9,17.97,0.0,0.0,,60.0,Satisfactory
Coimbatore,2020-06-04 15:00:00,12.82,23.79,,12.89,8.83,1.52,1.01,5.33,15.04,0.0,0.0,,52.0,Satisfactory
Coimbatore,2020-06-08 22:00:00,,,,53.07,34.67,,0.55,6.75,10.14,0.0,0.0,,39.0,Good
Coimbatore,2020-06-14 07:00:00,9.41,10.48,,34.84,16.18,,0.49,6.59,10.14,0.0,0.0,,24.0,Good
Coimbatore,2020-06-16 17:00:00,19.23,30.46,,27.95,9.5,1.79,0.52,5.4,16.16,0.0,0.0,,27.0,Good
Coimbatore,2020-06-18 09:00:00,,,,50.04,31.83,,0.53,6.01,9.01,0.0,0.0,,36.0,Good
Coimbatore,2020-06-19 11:00:00,20.69,25.6,,33.57,15.22,2.5,0.59,5.87,11.18,0.0,0.0,,33.0,Good
Coimbatore,2020-06-28 10:00:00,,,,35.57,17.0,,0.58,5.5,11.24,0.0,0.0,,,
Delhi,2015-01-01 17:00:00,191.12,257.4,15.44,38.4,51.24,34.98,13.11,18.0,34.38,3.58,5.23,3.78,450.0,Severe
Delhi,2015-02-15 09:00:00,199.14,589.19,49.54,62.3,80.6,61.37,17.08,7.22,26.38,5.4,9.15,4.74,385.0,Very Poor
Delhi,2015-02-22 04:00:00,134.13,125.02,12.93,27.32,27.13,78.6,11.3,4.4,22.85,1.15,3.59,1.62,323.0,Very Poor
Delhi,2015-04-23 14:00:00,99.26,154.2,11.59,52.2,43.74,26.82,5.96,17.34,55.97,1.7,5.58,3.23,369.0,Very Poor
Delhi,2015-04-27 13:00:00,59.6,193.56,10.42,28.91,35.37,33.28,7.59,11.2,76.13,1.45,4.53,2.84,239.0,Poor
Delhi,2015-05-25 18:00:00,96.29,241.54,40.06,37.27,71.56,27.61,4.52,6.48,80.01,0.92,3.01,,328.0,Very Poor
Delhi,2015-07-02 22:00:00,68.37,246.88,11.68,44.53,112.79,38.8,0.9,6.45,73.17,1.75,14.04,,245.0,Poor
Delhi,2015-08-01 17:00:00,48.01,161.96,25.96,36.14,89.65,21.55,0.65,6.52,42.8,1.9,7.55,,173.0,Moderate
Delhi,2015-10-10 03:00:00,208.42,294.74,148.96,79.96,173.23,41.1,3.09,13.2,71.74,14.11,43.36,4.94,377.0,Very Poor
Delhi,2015-11-29 17:00:00,178.4,370.51,22.72,70.11,84.31,68.41,1.69,27.19,94.72,2.62,6.35,0.0,319.0,Very Poor
Delhi,2016-03-23 08:00:00,137.13,199.33,8.25,43.23,42.05,36.62,1.3,30.89,120.58,2.6,2.24,,203.0,Poor
Delhi,2016-04-29 08:00:00,337.08,652.54,74.45,121.2,108.59,49.63,2.55,103.04,20.7,7.78,14.0,,375.0,Very Poor
Delhi,2016-08-12 11:00:00,60.53,93.07,16.44,26.25,51.33,30.19,0.94,22.1,61.5,1.12,6.58,,93.0,Satisfactory
Delhi,2016-09-24 06:00:00,36.5,65.0,16.16,35.75,49.43,26.21,0.75,12.24,34.99,1.1,2.55,,250.0,Poor
Delhi,2016-10-09 20:00:00,131.5,369.55,59.39,147.66,159.5,47.38,1.66,19.75,169.38,3.28,9.36,,412.0,Severe
Delhi,2016-10-16 18:00:00,57.56,200.56,29.2,101.53,90.88,31.18,0.66,15.39,62.59,0.69,3.28,,419.0,Severe
Delhi,2016-10-17 22:00:00,212.2,365.86,136.56,149.31,166.55,41.75,3.34,39.76,134.33,4.28,24.12,,433.0,Severe
Delhi,2016-10-27 19:00:00,193.32,431.9,179.73,164.46,198.5,59.02,2.17,23.0,141.09,10.99,31.22,,612.0,Severe
Delhi,2016-11-18 08:00:00,220.65,530.45,97.31,84.37,82.75,40.37,0.77,14.96,25.11,3.65,4.65,,483.0,Severe
Delhi,2017-04-13 14:00:00,67.37,177.31,35.76,84.58,39.94,20.04,0.38,39.13,29.36,2.69,17.22,,397.0,Very Poor
Delhi,2017-05-12 14:00:00,178.56,473.0,17.09,49.4,19.32,37.97,0.67,66.32,18.67,2.92,14.01,,540.0,Severe
Delhi,2017-06-01 16:00:00,75.97,162.33,12.94,73.91,27.24,41.16,0.64,26.03,62.3,2.24,9.21,,224.0,Poor
Delhi,2017-06-08 07:00:00,40.5,,28.02,37.6,6.6,35.1,0.0,,,0.61,0.0,,67.0,Satisfactory
Delhi,2017-06-26 09:00:00,50.5,367.5,20.25,45.97,6.32,38.03,0.0,,,0.85,0.0,,101.0,Moderate
Delhi,2017-12-24 10:00:00,231.49,300.45,78.88,86.1,8.54,86.56,1.42,20.68,45.55,5.89,10.0,0.7,309.0,Very Poor
Delhi,2018-01-07 09:00:00,214.17,288.1,19.38,41.4,4.28,50.54,1.25,13.92,46.06,2.89,3.45,0.35,399.0,Very Poor
Delhi,2018-04-19 02:00:00,88.51,276.4,21.79,57.61,49.46,33.38,1.06,13.43,37.11,2.51,2.51,0.0,228.0,Poor
Delhi,2018-05-14 11:00:00,53.57,162.71,10.73,38.07,36.12,43.89,1.97,13.19,58.15,1.46,4.04,0.0,158.0,Moderate
Delhi,2018-05-26 05:00:00,133.89,257.58,67.58,74.98,108.95,47.8,1.26,16.81,8.73,7.87,8.37,0.0,225.0,Poor
Delhi,2018-07-12 10:00:00,44.96,119.17,11.53,35.33,30.88,31.91,0.74,11.29,31.34,1.16,18.41,0.89,113.0,Moderate
Delhi,2018-08-31 15:00:00,38.43,159.21,6.32,18.8,16.96,28.27,0.6,9.01,34.28,0.98,23.79,0.15,132.0,Moderate
Delhi,2018-10-02 18:00:00,37.46,130.08,10.58,35.4,28.2,31.79,0.73,10.86,40.16,1.51,34.74,0.01,190.0,Moderate
Delhi,2018-10-06 01:00:00,101.03,239.06,66.78,54.37,83.48,39.47,1.54,13.95,16.92,7.48,85.01,2.37,281.0,Poor
Delhi,2018-10-23 21:00:00,170.32,452.21,144.7,89.24,163.91,41.82,3.63,21.07,26.58,12.07,119.63,7.11,279.0,Poor
Delhi,2018-10-27 11:00:00,261.06,484.91,56.12,112.63,111.67,62.24,2.1,26.22,57.36,10.44,87.74,4.97,387.0,Very Poor
Delhi,2018-11-15 11:00:00,82.92,147.11,18.9,44.24,39.94,48.41,1.1,17.53,37.14,3.32,22.03,2.28,250.0,Poor
Delhi,2018-11-20 12:00:00,225.4,375.68,19.89,65.78,54.52,57.46,1.62,19.36,75.09,5.29,34.61,2.17,371.0,Very Poor
Delhi,2018-11-27 12:00:00,234.44,416.23,52.87,82.54,91.04,52.46,1.93,22.28,43.95,9.02,69.83,4.08,412.0,Severe
Delhi,2018-12-30 01:00:00,483.21,672.39,214.7,80.05,235.58,68.4,4.65,18.93,21.33,15.5,103.6,4.86,427.0,Severe
Delhi,2019-01-27 23:00:00,160.55,251.3,25.36,62.25,54.18,35.86,1.17,16.82,20.41,3.87,24.02,0.22,308.0,Very Poor
Delhi,2019-02-21 12:00:00,52.07,156.67,12.19,35.59,31.41,37.78,0.85,17.23,44.05,2.41,15.16,1.18,147.0,Moderate
Delhi,2019-03-30 01:00:00,120.18,256.1,45.49,58.44,73.04,41.73,1.65,22.73,22.9,6.88,54.01,0.95,262.0,Poor
Delhi,2019-05-28 09:00:00,115.7,255.95,25.66,56.46,54.17,41.4,1.2,31.31,66.67,4.54,17.51,0.45,169.0,Moderate
Delhi,2019-08-31 19:00:00,60.61,131.66,12.03,52.16,41.25,44.64,1.72,8.21,34.86,3.52,37.89,0.44,124.0,Moderate
Delhi,2019-09-19 23:00:00,30.95,88.77,9.76,34.13,28.72,24.74,0.99,10.44,17.94,2.38,22.42,1.29,78.0,Satisfactory
Delhi,2019-09-21 18:00:00,33.96,101.89,12.22,25.29,25.16,21.69,0.8,8.96,28.47,1.72,32.94,0.38,124.0,Moderate
Delhi,2019-11-26 11:00:00,153.51,307.31,39.43,64.77,71.75,39.23,1.47,33.6,41.5,5.16,38.18,0.75,279.0,Poor
Delhi,2020-02-25 01:00:00,110.1,191.6,38.34,54.04,66.44,37.11,1.22,14.81,17.74,3.12,22.78,0.22,165.0,Moderate
Delhi,2020-03-18 20:00:00,47.19,152.4,32.31,68.14,68.01,29.3,1.3,13.53,20.96,3.03,35.43,0.2,162.0,Moderate
Delhi,2020-03-29 22:00:00,39.38,70.77,7.23,19.53,18.06,24.56,0.63,11.49,30.95,1.15,9.64,0.16,70.0,Satisfactory
Ernakulam,2020-01-22 15:00:00,,,,,,,,,,,,,,
Ernakulam,2020-01-25 15:00:00,38.0,66.08,126.04,7.9,133.95,103.06,0.75,3.38,,0.45,0.79,0.0,154.0,Moderate
Ernakulam,2020-02-01 00:00:00,24.88,56.86,41.15,19.65,60.79,27.23,1.05,3.41,,1.69,2.98,0.35,86.0,Satisfactory
Ernakulam,2020-02-15 16:00:00,,,,,,,,,,,,,,
Ernakulam,2020-02-16 04:00:00,27.25,48.13,89.5,,88.48,17.55,1.02,4.33,,0.06,0.11,0.0,,
Ernakulam,2020-02-19 05:00:00,76.79,101.85,66.03,1.13,67.16,12.04,1.28,3.75,,2.79,2.17,0.35,109.0,Moderate
Ernakulam,2020-02-19 07:00:00,92.05,124.72,65.35,1.2,66.56,11.86,1.66,3.59,,2.4,1.83,0.05,118.0,Moderate
Ernakulam,2020-02-20 23:00:00,35.78,58.76,61.33,1.57,62.91,11.14,1.88,3.59,,0.76,2.42,0.81,94.0,Satisfactory
Ernakulam,2020-02-21 04:00:00,80.72,108.72,59.36,1.8,61.15,10.63,1.51,3.41,,1.49,2.23,0.63,94.0,Satisfactory
Ernakulam,2020-02-25 14:00:00,43.81,87.3,59.69,1.67,61.36,11.0,1.31,3.81,,1.02,2.15,0.24,98.0,Satisfactory
Ernakulam,2020-02-26 07:00:00,,,,,,,,,,,,,74.0,Satisfactory
Ernakulam,2020-02-29 18:00:00,35.03,69.43,53.09,2.32,55.42,9.52,1.24,3.35,,0.36,0.9,0.0,101.0,Moderate
Ernakulam,2020-02-29 22:00:00,24.93,42.91,53.23,2.25,55.5,9.69,1.06,3.57,,0.23,0.7,0.0,70.0,Satisfactory
Ernakulam,2020-03-01 14:00:00,33.94,63.72,51.8,2.44,54.24,9.26,1.16,3.5,,0.46,0.46,0.0,94.0,Satisfactory
Ernakulam,2020-03-09 20:00:00,30.91,58.19,0.17,7.0,7.08,0.03,1.83,3.58,,0.81,3.18,0.82,94.0,Satisfactory
Ernakulam,2020-03-10 15:00:00,,,,,,,,,,,,,,
Ernakulam,2020-03-15 00:00:00,50.22,60.88,0.97,2.99,2.37,1.98,1.47,3.53,,1.27,2.19,0.0,96.0,Satisfactory
Ernakulam,2020-03-15 22:00:00,27.06,65.0,0.95,2.99,2.37,1.94,1.41,3.54,,0.46,1.11,0.0,78.0,Satisfactory
Ernakulam,2020-03-22 07:00:00,33.05,51.0,1.95,3.5,5.2,3.27,1.38,3.36,,0.43,0.52,0.0,69.0,Satisfactory
Ernakulam,2020-03-22 17:00:00,17.14,38.12,2.08,3.5,5.29,3.37,1.0,3.37,,0.05,0.0,0.0,55.0,Satisfactory
Ernakulam,2020-03-25 18:00:00,9.94,20.34,1.06,3.51,4.33,1.99,1.19,3.56,,0.0,0.0,0.0,65.0,Satisfactory
Ernakulam,2020-03-26 04:00:00,18.2,29.43,1.96,3.5,5.17,3.27,1.12,3.27,,0.27,0.39,0.0,60.0,Satisfactory
Ernakulam,2020-03-28 17:00:00,18.86,46.0,1.96,3.5,5.19,3.24,0.98,3.1,,0.0,0.0,0.0,58.0,Satisfactory
Ernakulam,2020-04-03 08:00:00,37.94,65.22,6.85,1.3,6.67,3.29,1.44,3.53,,0.11,0.09,0.0,72.0,Satisfactory
Ernakulam,2020-04-04 14:00:00,22.83,48.75,6.61,1.3,6.45,2.92,1.3,3.55,,0.01,0.01,0.0,71.0,Satisfactory
Ernakulam,2020-04-08 04:00:00,16.94,29.91,6.99,1.3,6.8,3.44,1.39,3.62,,0.12,0.14,0.0,75.0,Satisfactory
Ernakulam,2020-04-12 16:00:00,15.83,27.88,3.61,2.8,5.7,3.45,1.17,3.08,,0.0,0.0,0.0,66.0,Satisfactory
Ernakulam,2020-04-14 06:00:00,23.91,41.97,4.0,3.5,5.3,3.49,1.43,3.56,,0.11,0.08,0.0,77.0,Satisfactory
Ernakulam,2020-04-15 07:00:00,9.09,20.05,6.4,3.5,5.3,3.49,1.33,3.27,,0.13,0.89,0.0,68.0,Satisfactory
Ernakulam,2020-04-16 02:00:00,22.91,28.97,6.37,2.7,5.28,3.41,1.31,3.23,,0.47,0.41,0.0,72.0,Satisfactory
Ernakulam,2020-04-21 04:00:00,5.91,16.71,205.67,,190.68,305.43,0.87,3.37,,0.07,0.21,0.0,69.0,Satisfactory
Ernakulam,2020-04-23 08:00:00,28.5,42.94,51.44,,46.87,83.3,1.56,1.31,,0.55,0.67,0.0,78.0,Satisfactory
Ernakulam,2020-04-23 10:00:00,28.5,48.0,40.22,,36.7,64.49,1.55,2.02,,0.65,0.97,0.0,79.0,Satisfactory
Ernakulam,2020-04-23 20:00:00,,,11.04,,10.05,18.97,1.29,1.36,,0.0,0.06,0.0,64.0,Satisfactory
Ernakulam,2020-04-27 10:00:00,19.94,43.91,12.63,,11.41,32.3,1.51,2.9,,0.16,0.2,0.08,76.0,Satisfactory
Ernakulam,2020-05-03 21:00:00,16.11,35.09,8.13,,7.32,25.3,1.59,2.91,,0.0,0.01,0.0,80.0,Satisfactory
Ernakulam,2020-05-06 07:00:00,35.97,62.09,7.26,,6.54,23.02,1.99,2.86,,0.28,0.22,0.0,100.0,Satisfactory
Ernakulam,2020-05-08 04:00:00,3.0,10.11,11.76,,10.57,42.34,1.47,2.66,,0.0,0.05,0.42,,
Ernakulam,2020-05-08 06:00:00,8.05,20.17,11.41,,10.27,41.14,1.52,2.69,,0.09,0.17,0.4,81.0,Satisfactory
Ernakulam,2020-05-17 08:00:00,27.05,47.26,7.08,,6.36,26.74,2.19,2.9,,0.06,0.08,0.0,102.0,Moderate
Ernakulam,2020-05-18 14:00:00,15.8,31.0,6.83,,6.15,25.93,2.62,2.89,,0.27,0.56,0.2,110.0,Moderate
Ernakulam,2020-05-21 20:00:00,8.88,16.8,8.57,,7.71,35.84,1.52,2.69,,0.0,0.0,0.0,82.0,Satisfactory
Ernakulam,2020-05-22 06:00:00,2.41,7.65,7.33,,6.59,30.6,1.45,2.73,,0.04,0.07,0.0,72.0,Satisfactory
Ernakulam,2020-05-29 15:00:00,16.77,38.81,5.75,,5.18,23.03,1.89,2.47,,0.29,1.01,0.0,105.0,Moderate
Ernakulam,2020-06-02 19:00:00,0.31,13.28,5.3,,4.78,21.0,1.89,2.33,,0.26,1.32,0.0,96.0,Satisfactory
Ernakulam,2020-06-06 12:00:00,4.95,12.81,4.84,,4.36,18.88,1.62,2.11,,0.16,0.84,0.0,102.0,Moderate
Ernakulam,2020-06-11 00:00:00,7.1,24.32,4.66,,4.2,18.64,1.84,2.7,,0.51,1.07,0.0,113.0,Moderate
Ernakulam,2020-06-12 16:00:00,25.94,67.12,4.64,1.54,4.18,18.64,3.48,2.72,,2.93,5.73,0.74,119.0,Moderate
Ernakulam,2020-06-27 13:00:00,14.15,28.41,2.6,2.4,1.6,1.56,2.77,2.74,,0.18,0.69,0.0,110.0,Moderate
Ernakulam,2020-06-28 16:00:00,4.13,17.22,6.86,2.11,4.37,6.82,2.1,2.71,,0.06,0.62,0.0,102.0,Moderate
Gurugram,2016-04-07 22:00:00,,,3.53,33.88,13.39,,1.23,28.01,38.2,,,,,
Gurugram,2016-06-02 22:00:00,85.58,,,13.82,4.89,,0.55,4.05,23.17,,,,169.0,Moderate
Gurugram,2016-07-16 18:00:00,18.38,,3.97,3.27,4.99,,0.27,0.78,76.59,,,,77.0,Satisfactory
Gurugram,2016-09-24 15:00:00,33.48,,,,,,0.49,2.26,83.16,,,,83.0,Satisfactory
Gurugram,2016-11-20 19:00:00,66.91,,7.95,9.98,,,,6.15,9.16,4.75,47.56,,239.0,Poor
Gurugram,2017-01-21 17:00:00,245.82,,5.09,10.83,,,0.59,17.04,29.7,2.05,20.45,,,
Gurugram,2017-02-16 20:00:00,118.09,,,6.68,,,0.99,6.28,15.41,0.04,4.42,,330.0,Very Poor
Gurugram,2017-03-05 16:00:00,63.95,,9.35,19.37,,,0.44,5.01,96.29,0.02,2.51,,134.0,Moderate
Gurugram,2017-03-16 04:00:00,,,,,,,,,,,,,,
Gurugram,2017-04-13 21:00:00,203.69,,1.46,3.43,,,1.59,19.8,5.55,0.03,2.99,,371.0,Very Poor
Gurugram,2017-05-04 03:00:00,131.24,,5.97,23.36,,,0.48,5.39,0.84,0.03,3.34,,322.0,Very Poor
Gurugram,2017-06-08 09:00:00,68.83,,5.98,14.26,,,0.39,2.95,14.25,0.05,4.66,,244.0,Poor
Gurugram,2017-06-13 04:00:00,,,5.93,29.22,,,0.54,4.19,6.79,0.05,5.0,,284.0,Poor
Gurugram,2017-07-21 06:00:00,18.19,,9.89,14.37,,,0.35,4.64,3.47,0.02,1.89,,76.0,Satisfactory
Gurugram,2017-08-15 09:00:00,35.02,,,30.13,,,1.07,4.83,20.16,0.0,0.0,,75.0,Satisfactory
Gurugram,2017-10-09 09:00:00,84.64,,5.95,24.82,,,0.92,5.86,8.32,0.04,4.42,,149.0,Moderate
Gurugram,2017-10-13 02:00:00,89.68,,6.42,25.05,,,0.77,4.84,11.45,0.04,4.41,,164.0,Moderate
Gurugram,2017-10-15 09:00:00,94.04,,3.84,25.26,,,0.86,7.99,7.17,0.04,4.44,,165.0,Moderate
Gurugram,2017-11-23 22:00:00,207.41,,6.58,23.35,18.59,,5.05,,13.48,1.06,0.74,,306.0,Very Poor
Gurugram,2017-12-07 00:00:00,130.98,,9.49,19.21,17.95,,1.78,9.33,9.93,0.89,1.57,,279.0,Poor
Gurugram,2017-12-16 01:00:00,110.49,,12.22,23.2,0.0,,1.96,3.99,12.03,1.24,1.92,,233.0,Poor
Gurugram,2017-12-27 09:00:00,177.01,,4.3,29.45,0.0,,0.84,4.5,12.07,1.26,1.94,,357.0,Very Poor
Gurugram,2017-12-31 23:00:00,291.1,280.96,55.16,19.11,58.11,,2.56,8.05,5.73,1.24,1.92,,385.0,Very Poor
Gurugram,2018-01-14 14:00:00,107.5,,12.02,26.72,25.26,,2.62,6.64,69.55,2.29,4.97,,336.0,Very Poor
Gurugram,2018-03-14 01:00:00,150.24,315.09,38.93,18.24,36.57,,1.12,,13.09,,,,216.0,Poor
Gurugram,2018-04-05 05:00:00,165.82,327.59,35.25,17.95,35.58,,2.6,,12.43,,,,270.0,Poor
Gurugram,2018-04-26 14:00:00,,,,,15.06,,0.0,,,,,,,
Gurugram,2018-04-30 18:00:00,,,23.03,,12.27,,0.0,,51.06,3.32,,,,
Gurugram,2018-06-04 15:00:00,90.36,201.52,16.25,27.11,34.3,,0.78,,54.56,0.15,,,146.0,Moderate
Gurugram,2018-06-06 14:00:00,64.23,132.83,19.34,26.48,39.42,,0.76,,42.86,0.0,,,151.0,Moderate
Gurugram,2018-07-06 15:00:00,34.31,,7.75,22.16,22.19,,1.71,5.62,42.92,0.0,,,121.0,Moderate
Gurugram,2018-07-14 19:00:00,13.68,,8.51,25.29,22.34,,0.6,3.86,24.06,0.0,,,60.0,Satisfactory
Gurugram,2018-09-07 00:00:00,29.62,,9.81,28.31,21.09,,0.26,6.39,0.28,0.0,,,117.0,Moderate
Gurugram,2019-01-18 19:00:00,122.88,314.3,20.39,30.51,38.56,,2.1,4.87,34.68,0.0,0.0,,356.0,Very Poor
Gurugram,2019-05-29 16:00:00,60.46,106.17,20.66,34.32,42.6,,0.38,20.52,112.9,0.0,0.0,,165.0,Moderate
Gurugram,2019-06-11 05:00:00,313.1,,18.09,45.66,34.17,,0.89,1.4,6.65,0.0,0.0,,314.0,Very Poor
Gurugram,2019-06-25 04:00:00,34.13,55.98,12.86,61.84,4.63,,0.38,,22.28,0.0,0.0,,80.0,Satisfactory
Gurugram,2019-08-19 12:00:00,31.8,,47.32,22.5,61.66,,0.11,,30.16,2.0,6.05,,53.0,Satisfactory
Gurugram,2019-09-05 09:00:00,25.54,75.74,5.62,7.51,12.81,,0.52,21.06,22.99,1.99,6.05,,105.0,Moderate
Gurugram,2019-09-08 00:00:00,24.16,42.73,5.11,7.86,12.66,,0.6,3.64,21.43,2.03,5.85,,56.0,Satisfactory
Gurugram,2019-10-06 16:00:00,48.4,,242.86,115.86,12.09,,1.04,2.69,93.6,0.0,0.0,,103.0,Moderate
Gurugram,2019-10-22 05:00:00,101.52,202.3,7.5,45.62,37.86,,1.9,0.93,6.84,2.04,6.06,,254.0,Poor
Gurugram,2019-11-15 08:00:00,675.81,,24.13,45.55,48.89,,2.29,31.84,38.15,1.98,5.87,,560.0,Severe
Gurugram,2019-12-09 21:00:00,157.8,270.27,125.08,72.4,143.77,,3.3,80.73,14.36,2.0,6.05,,340.0,Very Poor
Gurugram,2019-12-13 22:00:00,48.98,43.45,4.63,4.55,9.18,,1.36,,,,,,119.0,Moderate
Gurugram,2020-01-29 04:00:00,45.2,81.87,6.94,21.14,18.57,,1.0,9.35,7.15,2.02,6.01,,159.0,Moderate
Gurugram,2020-02-13 15:00:00,53.11,119.68,5.6,14.68,12.88,,0.62,12.16,87.84,1.97,5.89,,155.0,Moderate
Gurugram,2020-05-09 03:00:00,65.49,114.61,4.36,13.02,11.41,23.46,0.97,7.58,73.98,3.49,5.72,5.14,146.0,Moderate
Gurugram,2020-06-15 11:00:00,58.5,117.85,4.5,11.21,9.25,5.03,0.61,4.14,108.67,4.26,2.85,1.86,139.0,Moderate
Gurugram,2020-06-18 10:00:00,40.98,68.77,3.8,8.07,9.02,0.03,0.53,7.32,62.49,5.46,2.81,1.72,89.0,Satisfactory
Guwahati,2019-02-22 15:00:00,76.29,113.46,1.55,12.65,16.13,20.83,0.52,20.14,76.99,0.92,,,314.0,Very Poor
Guwahati,2019-03-20 21:00:00,107.39,172.31,19.49,48.62,84.06,20.68,2.0,21.33,12.27,3.39,,,102.0,Moderate
Guwahati,2019-03-29 21:00:00,191.31,372.73,43.84,64.46,141.1,24.34,3.29,23.7,9.05,9.07,,,292.0,Poor
Guwahati,2019-04-04 08:00:00,51.43,90.75,3.96,11.18,18.51,13.52,0.39,59.61,50.75,1.1,,,140.0,Moderate
Guwahati,2019-04-06 18:00:00,54.0,76.61,1.68,11.78,15.3,13.87,0.59,17.46,48.67,0.99,,,78.0,Satisfactory
Guwahati,2019-04-08 11:00:00,36.86,41.41,2.45,8.22,12.93,16.05,0.43,21.57,51.34,0.66,,,51.0,Satisfactory
Guwahati,2019-05-04 01:00:00,,,,,,,,,,,,,,
Guwahati,2019-05-06 22:00:00,106.54,190.02,40.38,50.6,120.65,18.84,2.68,19.38,20.6,1.49,,,108.0,Moderate
Guwahati,2019-05-08 06:00:00,24.66,29.73,1.96,7.61,11.37,11.24,0.28,19.25,63.24,0.13,,,73.0,Satisfactory
Guwahati,2019-05-09 23:00:00,26.94,40.33,1.26,8.42,11.03,7.88,0.4,20.28,70.69,0.24,,,84.0,Satisfactory
Guwahati,2019-05-17 10:00:00,21.77,27.13,2.67,9.89,14.96,7.5,0.47,17.04,66.14,0.15,,,66.0,Satisfactory
Guwahati,2019-05-18 21:00:00,42.2,65.88,3.55,11.82,18.54,8.05,0.66,16.38,41.6,0.42,,,77.0,Satisfactory
Guwahati,2019-06-19 04:00:00,81.57,119.55,32.75,33.48,89.66,8.09,0.81,11.11,1.5,0.65,,,75.0,Satisfactory
Guwahati,2019-07-01 03:00:00,39.06,72.98,42.38,18.15,89.03,5.39,0.83,11.24,1.29,0.19,,,70.0,Satisfactory
Guwahati,2019-07-01 13:00:00,21.63,42.52,6.86,16.33,28.89,4.96,0.51,10.62,3.13,0.39,,,74.0,Satisfactory
Guwahati,2019-07-09 15:00:00,640.73,1000.0,14.58,12.83,37.67,18.59,0.4,9.13,19.15,114.72,,,,
Guwahati,2019-07-13 03:00:00,25.68,44.27,4.32,10.16,17.98,11.9,0.48,10.66,11.53,0.06,,,54.0,Satisfactory
Guwahati,2019-08-03 14:00:00,0.7,85.0,1.85,4.77,8.1,3.83,0.29,10.62,22.14,0.0,,,189.0,Moderate
Guwahati,2019-08-11 00:00:00,19.0,28.0,1.64,5.68,8.82,6.29,0.49,11.67,15.9,0.1,,,159.0,Moderate
Guwahati,2019-08-13 17:00:00,0.36,18.2,2.15,6.91,10.87,5.57,0.38,11.33,16.09,0.0,,,867.0,Severe
Guwahati,2019-08-15 21:00:00,6.46,13.85,8.06,7.07,19.58,16.93,0.33,13.54,15.7,100.83,,,37.0,Good
Guwahati,2019-09-03 11:00:00,6.08,20.41,3.17,8.02,13.8,3.15,0.33,12.13,9.37,176.44,,,48.0,Good
Guwahati,2019-09-04 15:00:00,15.29,27.0,2.63,9.84,14.81,3.25,0.39,12.17,11.04,192.48,,,28.0,Good
Guwahati,2019-09-14 23:00:00,52.05,92.5,12.76,10.95,32.63,2.55,0.81,12.61,16.22,0.01,,,44.0,Good
Guwahati,2019-09-15 21:00:00,18.58,39.69,1.06,5.29,7.37,2.05,0.37,12.72,17.66,0.0,,,47.0,Good
Guwahati,2019-09-19 21:00:00,72.77,155.08,12.39,25.98,48.25,2.82,0.95,16.42,17.21,0.0,,,57.0,Satisfactory
Guwahati,2019-09-21 18:00:00,22.83,47.83,1.73,6.63,10.01,1.78,0.36,13.32,17.46,0.04,,,69.0,Satisfactory
Guwahati,2019-10-22 20:00:00,164.16,259.56,56.75,47.92,145.01,6.52,1.1,16.57,17.82,0.0,,,148.0,Moderate
Guwahati,2019-10-29 10:00:00,27.41,45.69,10.71,5.63,23.68,4.93,0.57,9.94,17.77,0.0,,,333.0,Very Poor
Guwahati,2019-12-03 02:00:00,86.21,145.83,94.41,9.19,164.88,11.41,1.64,11.98,17.87,3.15,,,154.0,Moderate
Guwahati,2019-12-16 07:00:00,93.08,133.87,74.6,9.48,132.77,18.14,1.0,12.7,18.12,0.34,,,300.0,Poor
Guwahati,2019-12-30 19:00:00,162.52,304.88,18.88,12.43,44.31,12.87,0.91,11.84,17.88,0.23,,,335.0,Very Poor
Guwahati,2020-01-17 18:00:00,69.59,117.27,10.93,9.78,28.41,20.17,0.7,12.95,18.17,0.29,,,307.0,Very Poor
Guwahati,2020-02-08 23:00:00,163.62,277.04,40.83,20.18,88.62,18.44,1.93,12.88,18.07,1.65,,,315.0,Very Poor
Guwahati,2020-02-13 22:00:00,219.23,382.64,83.42,34.69,174.12,25.91,2.09,13.74,18.48,0.93,,,310.0,Very Poor
Guwahati,2020-02-25 07:00:00,76.25,127.0,48.0,19.4,99.64,13.64,0.62,13.41,18.2,0.8,,,172.0,Moderate
Guwahati,2020-03-07 04:00:00,67.68,124.36,79.28,22.68,154.4,13.94,0.79,14.3,18.23,0.23,,,120.0,Moderate
Guwahati,2020-03-12 15:00:00,59.5,121.54,0.59,8.28,4.48,17.87,0.3,12.75,21.04,0.23,,,248.0,Poor
Guwahati,2020-04-07 06:00:00,59.11,90.38,1.04,5.76,3.62,7.12,0.4,15.36,51.6,0.03,,,143.0,Moderate
Guwahati,2020-04-12 07:00:00,59.64,88.23,10.2,10.24,12.63,23.65,0.92,17.09,16.49,0.21,,,177.0,Moderate
Guwahati,2020-04-24 08:00:00,13.83,14.17,1.05,4.56,3.0,6.19,0.23,13.8,26.14,0.02,,,49.0,Good
Guwahati,2020-04-29 06:00:00,22.3,35.14,2.94,4.36,4.32,3.45,0.47,14.16,18.01,0.05,,,52.0,Satisfactory
Guwahati,2020-05-04 14:00:00,12.56,28.5,0.5,3.24,2.0,2.24,0.25,14.55,42.59,,,,49.0,Good
Guwahati,2020-05-17 23:00:00,48.05,86.2,23.19,36.78,35.21,6.13,0.7,14.98,17.22,0.0,,,53.0,Satisfactory
Guwahati,2020-05-25 07:00:00,15.9,37.9,3.07,7.4,5.85,2.13,0.43,15.05,18.38,0.0,,,25.0,Good
Guwahati,2020-05-27 15:00:00,5.83,10.39,0.69,4.27,2.59,1.39,0.29,14.94,55.72,0.0,,,56.0,Satisfactory
Guwahati,2020-05-31 11:00:00,16.0,19.39,1.12,4.1,2.83,1.4,0.37,15.14,25.57,0.0,,,41.0,Good
Guwahati,2020-06-01 11:00:00,,,1.16,4.66,3.1,1.55,0.34,14.91,33.27,0.0,,,51.0,Satisfactory
Guwahati,2020-06-23 09:00:00,15.78,26.14,1.06,4.6,3.03,2.04,0.33,15.92,18.65,0.0,,,37.0,Good
Guwahati,2020-06-28 20:00:00,45.14,70.53,0.74,12.57,6.72,2.16,0.82,15.86,26.34,0.0,,,46.0,Good
Hyderabad,2015-01-23 19:00:00,,,3.84,28.46,32.3,,0.55,4.53,33.28,0.76,10.14,0.88,,
Hyderabad,2015-04-04 08:00:00,,,3.59,7.29,10.88,,0.22,5.72,36.29,0.27,2.55,0.45,,
Hyderabad,2015-04-23 16:00:00,38.0,,2.86,8.03,10.89,,0.44,9.23,63.74,,,,198.0,Moderate
Hyderabad,2015-08-19 23:00:00,49.0,,4.16,22.58,26.2,,0.41,1.78,8.84,1.29,7.95,0.06,153.0,Moderate
Hyderabad,2015-09-13 10:00:00,186.08,32.25,2.47,19.76,13.56,20.93,0.41,2.64,38.35,0.52,2.86,0.06,194.0,Moderate
Hyderabad,2015-09-18 11:00:00,40.0,,2.36,8.94,11.29,,0.36,1.45,16.17,0.6,3.28,0.03,58.0,Satisfactory
Hyderabad,2015-09-19 16:00:00,183.33,,8.28,8.5,16.78,,0.27,0.64,20.85,0.44,3.56,0.0,125.0,Moderate
Hyderabad,2015-11-18 09:00:00,75.0,114.25,5.9,6.1,9.1,5.27,0.74,5.87,26.21,1.2,4.94,0.34,78.0,Satisfactory
Hyderabad,2016-02-16 22:00:00,47.25,,3.75,14.46,16.63,10.25,0.88,2.43,21.12,0.19,1.71,0.12,81.0,Satisfactory
Hyderabad,2016-03-10 23:00:00,62.25,94.0,6.06,23.96,28.74,10.35,1.45,2.62,8.75,1.64,7.81,4.23,104.0,Moderate
Hyderabad,2016-05-07 20:00:00,49.5,89.5,39.2,80.28,81.32,132.93,1.01,0.5,36.05,0.15,0.87,0.15,96.0,Satisfactory
Hyderabad,2016-08-05 21:00:00,,,,,,,,,,,,,200.0,Moderate
Hyderabad,2016-10-30 11:00:00,72.0,123.5,6.72,17.47,6.76,23.77,0.35,10.25,76.25,0.05,0.74,0.12,139.0,Moderate
Hyderabad,2016-11-21 23:00:00,56.0,94.0,10.05,69.42,20.65,31.4,0.48,27.22,32.12,0.02,0.36,0.04,93.0,Satisfactory
Hyderabad,2016-12-06 20:00:00,65.0,94.0,7.17,56.23,10.91,24.8,0.47,56.93,53.6,0.02,0.18,0.03,115.0,Moderate
Hyderabad,2016-12-14 21:00:00,,,,,0.0,,0.0,,,0.0,0.0,0.0,74.0,Satisfactory
Hyderabad,2017-01-10 13:00:00,54.0,104.0,6.6,38.15,12.82,10.45,0.0,3.45,37.25,0.05,0.2,0.8,103.0,Moderate
Hyderabad,2017-01-15 01:00:00,91.0,133.75,6.55,40.28,8.93,16.5,0.0,3.58,35.22,0.07,0.23,0.05,147.0,Moderate
Hyderabad,2017-02-28 05:00:00,92.25,218.0,15.9,54.35,16.75,99.38,0.28,40.1,2.65,0.21,5.12,2.32,169.0,Moderate
Hyderabad,2017-03-02 05:00:00,61.88,113.5,4.03,22.33,6.06,17.28,0.13,13.98,48.55,0.08,1.21,0.34,137.0,Moderate
Hyderabad,2017-07-11 08:00:00,16.58,48.17,3.72,20.43,6.95,4.15,0.15,6.48,18.68,1.14,7.62,0.98,71.0,Satisfactory
Hyderabad,2017-07-25 07:00:00,11.83,48.0,4.01,15.42,8.59,31.27,0.3,4.76,10.21,0.07,0.71,0.02,56.0,Satisfactory
Hyderabad,2017-11-11 19:00:00,60.67,136.65,1.5,58.49,32.33,16.01,0.75,33.44,68.65,4.84,23.25,3.49,145.0,Moderate
Hyderabad,2017-11-20 04:00:00,46.94,72.92,3.52,41.65,25.02,16.26,0.75,8.0,28.59,6.76,29.12,7.92,82.0,Satisfactory
Hyderabad,2017-12-05 06:00:00,56.67,75.65,1.08,21.29,12.17,13.86,0.48,5.76,60.09,1.9,4.2,0.87,140.0,Moderate
Hyderabad,2018-01-14 13:00:00,70.42,128.5,22.84,35.91,33.49,18.36,0.88,14.3,85.86,2.51,8.92,2.0,142.0,Moderate
Hyderabad,2018-02-12 22:00:00,47.05,94.88,1.22,31.02,17.38,18.36,0.74,5.96,35.95,1.61,8.16,2.49,99.0,Satisfactory
Hyderabad,2018-03-09 09:00:00,70.55,145.56,7.95,63.65,40.21,23.42,1.01,7.53,26.93,2.25,6.76,1.83,117.0,Moderate
Hyderabad,2018-04-11 11:00:00,21.75,65.5,3.28,22.96,14.89,20.76,0.77,4.76,34.62,0.68,3.12,0.38,84.0,Satisfactory
Hyderabad,2018-04-16 09:00:00,52.54,102.35,4.86,37.09,23.36,18.27,0.84,7.11,31.16,2.18,11.97,1.17,89.0,Satisfactory
Hyderabad,2018-04-19 00:00:00,66.08,165.8,37.16,94.12,80.21,15.5,1.89,11.43,10.58,4.68,18.88,6.58,106.0,Moderate
Hyderabad,2018-05-15 23:00:00,35.29,79.85,1.83,39.67,22.53,12.23,0.88,3.69,45.2,1.06,5.86,0.69,92.0,Satisfactory
Hyderabad,2018-06-19 12:00:00,11.35,25.69,1.29,15.12,9.2,10.61,0.66,4.32,28.41,0.25,1.36,0.17,49.0,Good
Hyderabad,2018-06-25 10:00:00,16.83,48.15,3.36,17.88,12.15,9.35,0.27,6.31,17.03,0.15,2.04,0.16,40.0,Good
Hyderabad,2018-07-22 23:00:00,27.19,68.5,3.47,27.29,17.1,37.57,0.2,8.7,10.14,0.98,3.93,1.24,50.0,Good
Hyderabad,2018-09-09 08:00:00,35.9,104.44,11.25,22.6,21.15,22.14,0.37,13.57,17.74,1.49,14.95,0.54,78.0,Satisfactory
Hyderabad,2018-10-08 01:00:00,74.88,161.3,4.26,45.94,27.52,16.94,0.57,5.51,15.46,3.62,33.91,2.17,127.0,Moderate
Hyderabad,2018-12-07 17:00:00,53.04,83.3,1.44,30.23,17.14,10.43,0.47,3.17,47.52,1.91,10.01,0.58,106.0,Moderate
Hyderabad,2019-07-22 16:00:00,15.85,30.65,3.09,12.86,9.23,9.85,0.46,2.67,33.86,0.31,1.98,0.13,59.0,Satisfactory
Hyderabad,2019-09-21 21:00:00,20.75,70.55,5.88,23.3,15.02,6.91,0.5,11.28,8.62,0.17,0.87,0.1,57.0,Satisfactory
Hyderabad,2019-10-10 06:00:00,36.3,61.31,15.75,48.96,33.34,10.86,0.72,7.99,2.69,0.34,4.01,0.08,85.0,Satisfactory
Hyderabad,2019-10-25 23:00:00,25.17,52.3,2.24,22.74,9.63,9.87,0.58,1.66,12.84,0.84,3.86,0.44,66.0,Satisfactory
Hyderabad,2019-11-07 23:00:00,71.65,148.6,5.29,36.03,23.31,14.71,0.89,4.51,19.69,1.13,8.2,0.39,140.0,Moderate
Hyderabad,2020-01-07 10:00:00,60.92,96.35,7.21,26.36,19.02,14.12,0.66,4.7,27.84,0.39,1.3,0.01,90.0,Satisfactory
Hyderabad,2020-01-22 23:00:00,65.5,127.3,10.75,57.42,37.85,19.34,0.91,7.57,12.48,0.45,2.91,0.3,85.0,Satisfactory
Hyderabad,2020-03-19 02:00:00,41.04,98.2,11.8,34.36,25.95,14.79,0.46,7.02,16.19,3.86,33.63,1.87,76.0,Satisfactory
Hyderabad,2020-03-19 05:00:00,51.29,115.55,4.48,27.14,16.98,14.94,0.61,9.18,18.37,5.57,33.74,1.62,86.0,Satisfactory
Hyderabad,2020-04-10 04:00:00,19.25,29.0,4.62,30.4,18.73,15.5,0.58,4.25,17.9,1.21,6.06,0.12,58.0,Satisfactory
Hyderabad,2020-05-16 03:00:00,28.08,62.44,4.44,20.64,14.28,10.18,0.48,5.94,28.45,1.67,11.69,1.05,59.0,Satisfactory
Hyderabad,2020-05-17 23:00:00,23.79,35.81,3.45,26.26,16.41,11.26,0.51,3.79,33.1,1.02,4.76,0.4,76.0,Satisfactory
Jaipur,2017-07-05 04:00:00,50.02,80.48,,11.9,,6.09,0.42,8.58,1.14,0.0,0.0,,94.0,Satisfactory
Jaipur,2017-08-05 06:00:00,57.2,191.45,6.44,24.74,,16.52,0.48,29.39,13.83,0.0,0.0,,158.0,Moderate
Jaipur,2017-08-23 14:00:00,34.1,60.12,2.46,30.38,,16.5,0.53,7.7,28.49,0.0,0.12,,82.0,Satisfactory
Jaipur,2017-11-12 07:00:00,107.4,198.48,37.64,88.28,107.48,57.17,0.73,3.63,43.82,4.03,22.07,,264.0,Poor
Jaipur,2017-11-13 15:00:00,57.91,143.71,8.31,38.41,43.84,19.24,1.84,5.19,158.61,2.21,12.91,,348.0,Very Poor
Jaipur,2017-12-08 11:00:00,115.58,253.86,6.16,29.79,9.14,16.11,0.0,30.77,128.13,3.34,0.77,,181.0,Moderate
Jaipur,2017-12-11 17:00:00,65.03,153.32,5.55,23.22,9.33,23.84,0.0,6.11,40.56,1.36,1.07,,122.0,Moderate
Jaipur,2017-12-25 17:00:00,26.42,75.84,9.46,19.01,14.92,15.59,0.0,9.48,84.57,1.44,3.55,,150.0,Moderate
Jaipur,2018-01-03 04:00:00,112.76,218.77,10.95,56.38,38.34,25.94,0.0,3.17,4.71,4.72,19.45,,230.0,Poor
Jaipur,2018-02-05 00:00:00,84.18,187.47,11.53,23.4,27.26,20.22,0.58,20.81,81.53,1.32,0.62,,135.0,Moderate
Jaipur,2018-03-09 07:00:00,22.37,63.6,9.15,31.76,33.83,24.26,0.79,10.28,67.35,0.4,2.12,,91.0,Satisfactory
Jaipur,2018-03-17 02:00:00,48.99,131.71,6.35,23.36,28.08,17.13,0.32,10.79,84.06,0.3,0.72,,119.0,Moderate
Jaipur,2018-04-20 18:00:00,73.09,379.94,9.28,31.98,29.75,21.04,0.34,10.14,61.08,0.15,12.16,,218.0,Poor
Jaipur,2018-05-12 18:00:00,46.23,146.98,6.02,27.84,28.74,12.64,0.91,6.47,70.78,0.75,9.23,,191.0,Moderate
Jaipur,2018-06-09 00:00:00,64.5,151.94,6.49,14.76,17.06,20.21,0.66,9.85,46.86,1.36,1.95,,222.0,Poor
Jaipur,2018-07-23 02:00:00,25.26,61.52,7.23,8.7,15.52,10.7,0.34,6.12,20.75,0.26,1.55,,50.0,Good
Jaipur,2018-08-22 08:00:00,25.28,78.09,12.45,21.61,30.2,15.08,0.66,7.55,21.34,0.43,10.11,,76.0,Satisfactory
Jaipur,2018-09-25 13:00:00,40.25,114.37,8.53,17.96,19.1,29.6,0.94,15.81,37.76,0.95,3.14,,80.0,Satisfactory
Jaipur,2018-09-26 09:00:00,45.13,123.6,20.78,30.37,46.14,25.96,1.23,6.87,16.49,1.15,3.24,,134.0,Moderate
Jaipur,2018-10-08 04:00:00,35.29,96.01,7.23,40.34,39.14,20.36,0.86,10.75,37.7,0.98,11.77,,111.0,Moderate
Jaipur,2018-11-06 14:00:00,42.12,88.39,8.11,35.46,35.68,15.17,0.75,13.38,90.79,0.64,1.37,,158.0,Moderate
Jaipur,2018-11-30 08:00:00,62.86,158.89,166.26,26.27,163.1,18.58,2.12,9.4,3.34,4.38,13.68,,157.0,Moderate
Jaipur,2018-12-06 02:00:00,101.92,186.89,68.23,41.38,90.06,21.49,1.61,18.38,12.32,3.64,18.08,,167.0,Moderate
Jaipur,2019-02-17 04:00:00,49.87,81.28,12.42,32.21,40.47,31.96,1.17,19.77,18.56,0.85,13.81,,96.0,Satisfactory
Jaipur,2019-02-18 20:00:00,44.85,155.96,13.59,42.72,47.37,24.67,1.18,7.65,21.31,0.84,5.43,,113.0,Moderate
Jaipur,2019-02-20 08:00:00,52.38,107.37,13.99,34.92,42.31,31.35,0.97,12.51,15.39,0.83,8.22,,130.0,Moderate
Jaipur,2019-04-20 00:00:00,51.29,147.22,15.35,49.99,51.31,22.95,1.12,17.0,45.71,1.3,7.44,,116.0,Moderate
Jaipur,2019-04-26 00:00:00,68.7,175.52,30.4,53.06,74.37,34.41,1.11,7.72,5.3,1.54,6.75,,153.0,Moderate
Jaipur,2019-05-09 04:00:00,69.24,108.35,9.4,16.47,21.28,22.05,0.45,12.77,36.81,0.06,4.12,,209.0,Poor
Jaipur,2019-05-12 18:00:00,38.44,69.47,7.72,21.17,24.45,19.19,0.76,8.41,92.64,0.1,3.34,,221.0,Poor
Jaipur,2019-06-19 04:00:00,20.58,32.24,12.74,16.95,27.14,32.88,0.46,12.69,49.41,0.14,2.88,,90.0,Satisfactory
Jaipur,2019-06-29 13:00:00,37.31,99.17,6.06,19.2,20.19,17.7,0.66,8.24,59.13,0.4,3.55,,106.0,Moderate
Jaipur,2019-06-30 03:00:00,31.52,72.73,5.48,16.7,20.16,15.18,0.44,11.51,53.93,0.07,2.85,,90.0,Satisfactory
Jaipur,2019-07-06 12:00:00,43.43,103.76,7.91,21.64,26.27,16.51,0.74,8.77,30.74,0.74,3.21,,83.0,Satisfactory
Jaipur,2019-08-19 17:00:00,26.84,81.9,10.78,24.3,28.65,22.86,0.5,8.13,30.96,0.43,2.47,,72.0,Satisfactory
Jaipur,2019-08-31 04:00:00,27.25,49.06,9.97,32.14,34.19,39.24,0.58,10.28,25.74,0.21,3.18,,71.0,Satisfactory
Jaipur,2019-09-24 09:00:00,21.85,70.03,16.98,27.65,40.05,63.1,0.63,11.88,33.72,0.37,4.18,,133.0,Moderate
Jaipur,2019-10-22 20:00:00,71.84,158.8,67.22,92.4,133.85,75.34,2.81,17.11,9.37,6.32,15.22,,156.0,Moderate
Jaipur,2019-11-14 10:00:00,184.57,311.09,4.57,52.75,46.14,56.5,1.36,9.99,89.44,4.28,11.97,,280.0,Poor
Jaipur,2019-12-10 20:00:00,76.97,173.22,77.26,99.42,158.72,107.1,3.9,28.67,16.16,9.41,15.61,,162.0,Moderate
Jaipur,2019-12-19 12:00:00,54.9,108.65,6.34,46.66,46.03,43.59,0.68,8.03,65.48,3.34,16.17,,112.0,Moderate
Jaipur,2019-12-20 18:00:00,60.14,140.46,9.5,62.46,63.11,59.23,1.25,12.66,44.96,4.0,15.74,,119.0,Moderate
Jaipur,2020-01-23 21:00:00,55.79,142.46,62.26,75.59,120.85,88.38,2.39,18.78,12.22,6.7,17.27,,106.0,Moderate
Jaipur,2020-01-25 17:00:00,25.85,67.83,4.07,34.83,32.03,22.9,0.59,14.3,68.95,0.98,0.68,,110.0,Moderate
Jaipur,2020-03-19 02:00:00,55.27,115.08,12.4,26.91,28.94,18.98,0.33,17.09,78.6,5.65,35.22,,146.0,Moderate
Jaipur,2020-03-19 07:00:00,41.65,99.39,4.66,34.86,32.05,34.95,0.44,8.64,75.48,2.79,28.76,,111.0,Moderate
Jaipur,2020-03-30 22:00:00,14.52,48.34,2.71,14.33,14.21,19.4,0.75,8.28,47.54,0.5,24.48,,76.0,Satisfactory
Jaipur,2020-04-05 02:00:00,30.64,48.72,2.23,8.61,8.79,13.22,0.41,12.41,46.37,1.04,25.68,,85.0,Satisfactory
Jaipur,2020-04-10 08:00:00,25.81,74.08,3.17,16.3,15.47,22.27,0.82,15.71,53.81,1.03,16.81,,69.0,Satisfactory
Jaipur,2020-05-18 04:00:00,29.97,86.01,2.47,16.88,16.53,24.35,0.45,11.11,72.74,1.66,2.88,,108.0,Moderate
Jorapokhar,2017-06-07 20:00:00,,156.62,6.25,7.69,,,0.56,,9.32,,,,153.0,Moderate
Jorapokhar,2017-07-01 03:00:00,,,,,,,0.0,,,,,,,
Jorapokhar,2017-07-26 04:00:00,,19.6,5.86,9.35,,,0.01,,,,,,30.0,Good
Jorapokhar,2017-09-03 12:00:00,,,,,,,,,,,,,,
Jorapokhar,2017-09-19 16:00:00,,,,,,,,,,,,,,
Jorapokhar,2017-09-22 07:00:00,,,,,,,,,,,,,,
Jorapokhar,2017-10-02 20:00:00,,,,,,,,,,,,,,
Jorapokhar,2017-10-16 02:00:00,,,,,,,,,,,,,,
Jorapokhar,2017-10-21 17:00:00,,,,,,,,,,,,,,
Jorapokhar,2017-10-22 13:00:00,,,,,,,,,,,,,,
Jorapokhar,2017-10-26 20:00:00,,,,,,,,,,,,,,
Jorapokhar,2017-10-30 02:00:00,,,,,,,,,,,,,,
Jorapokhar,2017-11-18 05:00:00,,,,,,,,,,,,,,
Jorapokhar,2017-12-04 15:00:00,,,,,,,,,,,,,,
Jorapokhar,2017-12-31 23:00:00,,215.1,13.53,15.74,,7.23,0.55,56.97,19.94,,,,,
Jorapokhar,2018-04-02 07:00:00,,,,,,,,,,,,,,
Jorapokhar,2018-04-16 04:00:00,,,,,,,,,,,,,,
Jorapokhar,2018-04-23 14:00:00,,105.3,9.59,8.34,,6.87,0.05,40.65,53.07,,,,,
Jorapokhar,2018-05-09 12:00:00,,,,,,,,,,,,,,
Jorapokhar,2018-07-17 22:00:00,,97.65,7.98,8.45,,6.65,0.46,59.54,13.31,,,,60.0,Satisfactory
Jorapokhar,2018-08-06 10:00:00,,147.9,6.19,7.24,,6.48,0.38,26.61,11.23,,,,162.0,Moderate
Jorapokhar,2018-08-11 15:00:00,,50.3,6.89,7.58,,6.55,0.51,115.08,6.59,,,,108.0,Moderate
Jorapokhar,2018-09-12 10:00:00,,,,,,,,,,,,,,
Jorapokhar,2018-09-28 20:00:00,,,,,,,,,,,,,,
Jorapokhar,2018-10-21 17:00:00,,222.98,6.25,6.38,,6.54,0.0,,47.57,,,,223.0,Poor
Jorapokhar,2018-12-20 23:00:00,,611.88,7.48,8.91,,6.54,,70.6,3.38,,,,479.0,Severe
Jorapokhar,2019-01-12 01:00:00,172.35,248.93,10.71,11.48,,6.26,,22.25,4.61,,,,326.0,Very Poor
Jorapokhar,2019-01-21 14:00:00,86.82,125.8,9.8,9.78,,6.19,,84.18,131.77,,,,295.0,Poor
Jorapokhar,2019-03-28 09:00:00,77.85,210.32,9.51,10.08,,6.38,0.0,12.26,16.11,,,,128.0,Moderate
Jorapokhar,2019-04-07 04:00:00,40.53,60.2,7.99,9.7,,6.26,,23.19,9.83,,,,91.0,Satisfactory
Jorapokhar,2019-04-18 15:00:00,36.88,57.17,8.82,8.62,,6.51,,7.57,102.55,,,,104.0,Moderate
Jorapokhar,2019-05-08 19:00:00,,195.6,8.82,7.96,,6.83,3.51,13.67,105.0,,,,148.0,Moderate
Jorapokhar,2019-06-26 13:00:00,,,,,,,,,,,,,,
Jorapokhar,2019-07-02 20:00:00,,,,,,,,,,,,,,
Jorapokhar,2019-07-19 15:00:00,,10.32,9.06,10.13,,6.19,1.13,3.16,10.18,,,,67.0,Satisfactory
Jorapokhar,2019-09-08 15:00:00,11.0,20.9,8.99,9.3,,6.32,1.78,4.5,5.13,,,,102.0,Moderate
Jorapokhar,2019-09-12 06:00:00,15.0,32.88,9.19,9.24,,6.2,,2.84,91.09,,,,127.0,Moderate
Jorapokhar,2019-09-28 04:00:00,47.3,60.6,9.89,9.5,,6.07,,3.09,2.61,,,,60.0,Satisfactory
Jorapokhar,2019-09-28 07:00:00,43.8,57.25,9.24,8.75,,6.39,,3.77,4.31,,,,61.0,Satisfactory
Jorapokhar,2019-10-21 03:00:00,36.92,95.67,8.34,9.91,,6.22,,3.59,30.29,,,,103.0,Moderate
Jorapokhar,2019-10-22 18:00:00,45.52,82.83,8.08,9.31,,6.29,,7.83,28.72,,,,93.0,Satisfactory
Jorapokhar,2019-11-19 00:00:00,99.4,204.68,8.12,10.23,,6.29,,32.31,71.63,,,,214.0,Poor
Jorapokhar,2019-12-12 14:00:00,103.93,187.53,7.5,8.98,,6.53,,38.98,70.38,,,,294.0,Poor
Jorapokhar,2020-01-28 00:00:00,59.35,241.43,7.15,7.17,,6.71,,31.52,31.56,,,,130.0,Moderate
Jorapokhar,2020-02-14 17:00:00,51.8,115.8,23.06,5.35,,10.1,,16.23,50.28,,,,237.0,Poor
Jorapokhar,2020-03-12 15:00:00,,,24.34,16.43,,7.39,,55.86,30.32,,,,,
Jorapokhar,2020-03-14 18:00:00,,,31.57,13.37,,8.86,,19.66,47.89,,,,,
Jorapokhar,2020-03-15 13:00:00,,,,,,,,47.59,34.57,,,,,
Jorapokhar,2020-04-27 17:00:00,19.43,82.78,23.15,9.52,,7.66,0.76,25.49,37.03,,,,95.0,Satisfactory
Jorapokhar,2020-05-08 19:00:00,55.85,115.25,22.04,9.88,,8.41,2.14,43.09,36.8,,,,105.0,Moderate
Kochi,2020-01-24 22:00:00,44.38,95.56,69.62,57.04,126.62,23.61,1.52,1.62,1.71,,0.0,,117.0,Moderate
Kochi,2020-01-25 05:00:00,71.78,87.05,62.97,41.89,104.86,19.55,1.25,6.21,2.1,,0.0,,126.0,Moderate
Kochi,2020-01-28 16:00:00,40.94,152.12,99.63,67.36,167.0,17.37,1.22,5.17,18.61,,0.0,,162.0,Moderate
Kochi,2020-01-29 10:00:00,97.87,155.66,104.53,58.56,163.06,17.42,1.47,5.05,11.24,,0.0,,160.0,Moderate
Kochi,2020-02-01 18:00:00,43.07,141.93,32.0,107.36,139.35,29.83,1.33,22.88,29.56,,0.0,,137.0,Moderate
Kochi,2020-02-03 06:00:00,69.06,87.23,8.64,38.88,46.03,20.36,0.97,21.41,2.53,,0.0,,90.0,Satisfactory
Kochi,2020-02-11 10:00:00,51.94,111.69,62.2,8.32,51.92,0.09,1.04,23.41,18.59,,0.0,,115.0,Moderate
Kochi,2020-02-28 14:00:00,56.97,114.06,65.49,18.73,62.35,7.89,1.54,23.27,12.47,,0.0,,102.0,Moderate
Kochi,2020-03-01 11:00:00,51.71,87.46,49.24,5.48,40.49,0.43,1.26,13.14,13.16,,0.0,,142.0,Moderate
Kochi,2020-03-03 12:00:00,45.12,71.73,100.06,,75.97,4.88,1.5,16.71,1.89,,0.0,,95.0,Satisfactory
Kochi,2020-03-05 10:00:00,52.12,107.34,106.48,,79.88,,1.47,18.55,1.48,,0.0,,113.0,Moderate
Kochi,2020-03-05 19:00:00,,,,,,,,,,,,,109.0,Moderate
Kochi,2020-03-09 21:00:00,30.74,131.88,146.67,0.26,116.21,4.75,1.42,20.71,1.19,,0.0,,122.0,Moderate
Kochi,2020-03-15 19:00:00,41.11,110.97,107.74,,84.75,8.6,1.21,22.85,1.2,,0.0,,110.0,Moderate
Kochi,2020-03-19 20:00:00,53.02,237.74,106.66,7.14,88.88,22.07,1.61,21.73,1.44,,0.0,,115.0,Moderate
Kochi,2020-03-24 16:00:00,18.88,44.98,278.77,17.95,232.57,30.61,1.11,1.61,8.59,,0.0,,118.0,Moderate
Kochi,2020-03-27 01:00:00,48.95,53.98,160.5,,123.61,0.41,0.92,26.03,1.39,,0.0,,138.0,Moderate
Kochi,2020-03-28 15:00:00,24.88,51.84,119.09,,90.37,0.86,0.91,25.4,1.35,,0.0,,117.0,Moderate
Kochi,2020-04-02 21:00:00,,,,,,,,,,,,,67.0,Satisfactory
Kochi,2020-04-04 11:00:00,22.69,48.69,66.06,1.11,53.4,2.39,0.86,15.86,1.59,,0.0,,65.0,Satisfactory
Kochi,2020-04-08 22:00:00,25.66,32.85,86.97,3.13,71.84,1.25,0.84,14.96,1.19,,0.0,,78.0,Satisfactory
Kochi,2020-04-10 03:00:00,17.63,24.88,71.99,2.38,58.98,7.02,0.91,17.0,1.03,,0.0,,76.0,Satisfactory
Kochi,2020-04-12 17:00:00,9.09,40.52,80.95,4.37,67.44,2.46,0.91,16.55,0.96,,0.0,,82.0,Satisfactory
Kochi,2020-04-13 02:00:00,31.98,36.97,77.81,1.76,63.52,5.3,0.91,19.96,0.88,,0.0,,83.0,Satisfactory
Kochi,2020-04-14 06:00:00,31.09,40.05,86.46,3.82,71.76,5.05,1.03,16.98,1.4,,0.0,,87.0,Satisfactory
Kochi,2020-04-14 13:00:00,8.24,43.23,81.75,5.25,68.56,1.79,0.98,17.14,1.36,,0.0,,88.0,Satisfactory
Kochi,2020-04-17 02:00:00,6.05,14.09,100.73,4.51,84.0,3.58,0.91,17.4,1.22,,0.0,,98.0,Satisfactory
Kochi,2020-04-18 10:00:00,1.11,17.0,104.53,4.34,87.08,0.52,0.9,16.12,1.47,,0.0,,93.0,Satisfactory
Kochi,2020-04-21 15:00:00,9.9,24.0,140.14,14.26,126.09,12.25,1.26,0.29,1.66,,0.0,,91.0,Satisfactory
Kochi,2020-04-26 10:00:00,28.7,71.65,37.13,6.53,38.03,7.38,1.2,15.87,1.52,,0.0,,60.0,Satisfactory
Kochi,2020-04-26 16:00:00,19.74,46.56,34.38,6.94,35.36,4.46,1.1,17.05,1.41,,0.0,,60.0,Satisfactory
Kochi,2020-04-26 20:00:00,13.94,20.95,42.11,8.07,43.33,5.26,0.96,17.26,1.43,,0.0,,56.0,Satisfactory
Kochi,2020-04-28 11:00:00,,41.98,36.77,7.03,37.78,5.87,1.08,15.97,1.68,,0.0,,56.0,Satisfactory
Kochi,2020-04-30 06:00:00,32.65,50.84,40.2,6.62,41.12,4.37,1.1,17.22,1.33,,0.0,,56.0,Satisfactory
Kochi,2020-05-02 18:00:00,2.32,42.13,34.61,7.09,35.62,3.47,1.06,16.7,1.11,,0.0,,54.0,Satisfactory
Kochi,2020-05-07 05:00:00,,,,,,,,,,,,,,
Kochi,2020-05-16 04:00:00,,3.0,57.72,14.02,60.13,18.49,1.23,13.03,1.05,,0.0,,80.0,Satisfactory
Kochi,2020-05-22 04:00:00,,,73.62,19.06,77.03,14.09,1.14,11.93,1.11,,0.0,,96.0,Satisfactory
Kochi,2020-05-31 01:00:00,14.05,19.05,81.09,20.64,84.81,15.39,1.69,14.3,0.98,,0.0,,106.0,Moderate
Kochi,2020-06-02 14:00:00,4.02,11.91,77.7,19.89,81.28,11.5,1.34,14.55,1.2,,0.0,,94.0,Satisfactory
Kochi,2020-06-02 18:00:00,11.37,24.17,73.03,18.8,76.39,11.43,1.43,14.95,1.15,,0.0,,96.0,Satisfactory
Kochi,2020-06-03 09:00:00,10.06,15.05,74.56,18.7,77.91,11.62,1.26,15.87,1.3,,0.0,,100.0,Satisfactory
Kochi,2020-06-04 01:00:00,,13.05,73.88,18.51,77.19,10.94,1.51,17.26,0.91,,0.0,,101.0,Moderate
Kochi,2020-06-04 10:00:00,8.06,12.03,81.05,20.81,84.81,12.63,1.29,15.05,1.11,,0.0,,102.0,Moderate
Kochi,2020-06-04 12:00:00,13.83,26.94,104.08,29.62,109.61,18.52,1.33,14.71,0.79,,0.0,,104.0,Moderate
Kochi,2020-06-12 02:00:00,39.36,46.39,9.32,5.97,9.31,0.78,1.82,20.84,1.32,,0.0,,103.0,Moderate
Kochi,2020-06-13 08:00:00,25.83,31.25,,5.3,0.0,0.87,1.66,11.68,1.83,,0.0,,95.0,Satisfactory
Kochi,2020-06-14 01:00:00,15.97,22.91,,5.07,0.0,1.09,1.62,20.9,0.77,,0.0,,84.0,Satisfactory
Kochi,2020-06-17 06:00:00,31.02,36.03,,0.84,0.0,,1.53,20.8,0.21,,0.0,,92.0,Satisfactory
Kochi,2020-06-27 20:00:00,41.63,66.14,24.16,2.4,24.33,,1.92,22.26,1.31,,0.0,,96.0,Satisfactory
Kolkata,2018-05-07 20:00:00,,,10.84,43.24,54.07,7.04,0.0,,,1.57,4.91,,,
Kolkata,2018-05-14 16:00:00,,,2.19,18.24,20.43,10.13,0.0,,,1.09,2.53,,,
Kolkata,2018-06-30 10:00:00,23.75,48.46,0.67,10.88,11.52,4.65,0.29,1.86,44.34,0.84,1.7,,49.0,Good
Kolkata,2018-07-29 17:00:00,51.51,73.71,3.14,29.21,32.35,4.11,0.67,1.59,28.02,2.71,12.18,,82.0,Satisfactory
Kolkata,2018-07-30 09:00:00,26.14,42.64,3.85,12.91,16.76,5.68,0.62,,25.25,0.5,9.71,,69.0,Satisfactory
Kolkata,2018-08-13 13:00:00,9.29,30.91,7.95,44.59,67.43,180.14,1.18,1.6,9.96,2.7,10.15,,62.0,Satisfactory
Kolkata,2018-08-20 23:00:00,1.56,24.36,4.96,27.14,32.1,15.93,1.21,1.43,3.73,0.88,10.29,,64.0,Satisfactory
Kolkata,2018-08-27 06:00:00,4.62,23.77,3.56,12.59,16.15,7.1,1.04,1.07,11.21,0.87,10.56,,52.0,Satisfactory
Kolkata,2018-09-03 23:00:00,51.32,69.59,2.39,53.02,55.41,10.08,1.45,1.82,22.19,2.24,5.81,,72.0,Satisfactory
Kolkata,2018-09-13 05:00:00,55.62,95.52,2.43,19.92,22.35,7.17,1.3,1.25,20.55,1.06,7.56,,84.0,Satisfactory
Kolkata,2018-09-18 12:00:00,55.27,83.85,2.8,20.08,22.89,11.73,1.04,3.46,54.68,1.18,9.22,,111.0,Moderate
Kolkata,2018-09-19 14:00:00,27.79,109.01,2.53,22.0,24.53,16.65,1.22,3.94,62.66,3.43,7.72,,109.0,Moderate
Kolkata,2018-09-29 05:00:00,46.49,68.85,10.56,34.08,44.63,6.82,1.33,1.6,5.33,1.68,8.12,,104.0,Moderate
Kolkata,2018-10-24 08:00:00,100.58,150.19,33.12,92.26,125.38,16.6,1.88,12.23,6.65,4.31,9.54,,238.0,Poor
Kolkata,2018-12-25 02:00:00,286.96,420.58,298.07,97.26,394.83,0.31,1.52,9.88,1.1,20.82,34.33,,348.0,Very Poor
Kolkata,2018-12-26 09:00:00,175.99,284.52,18.82,115.88,134.21,18.64,0.79,35.51,23.53,8.9,14.83,,375.0,Very Poor
Kolkata,2018-12-30 07:00:00,187.19,268.56,10.06,99.48,109.53,19.9,0.57,18.46,15.06,2.97,3.52,,372.0,Very Poor
Kolkata,2019-01-11 22:00:00,384.88,662.45,386.96,128.14,420.12,36.16,2.91,41.14,6.7,76.08,137.62,,366.0,Very Poor
Kolkata,2019-01-14 06:00:00,303.44,378.06,189.6,106.2,295.82,23.1,1.36,8.4,4.15,16.32,15.5,,398.0,Very Poor
Kolkata,2019-01-14 12:00:00,265.93,402.01,6.58,95.31,101.88,27.9,0.74,61.1,83.32,16.84,15.66,,410.0,Severe
Kolkata,2019-01-20 07:00:00,328.08,494.31,373.12,82.59,372.52,54.14,1.84,13.5,3.87,39.42,35.19,,404.0,Severe
Kolkata,2019-02-06 00:00:00,163.32,308.16,,133.4,,19.26,4.2,11.54,4.42,19.16,17.92,,338.0,Very Poor
Kolkata,2019-02-18 14:00:00,84.26,123.36,1.96,46.0,47.95,38.14,0.48,19.05,84.9,1.97,10.01,,240.0,Poor
Kolkata,2019-02-21 10:00:00,192.56,308.6,15.22,122.34,137.56,42.96,1.38,40.36,35.39,2.98,6.97,,277.0,Poor
Kolkata,2019-02-26 02:00:00,64.08,98.29,5.0,55.59,60.56,37.24,0.72,5.28,23.1,2.68,8.98,,159.0,Moderate
Kolkata,2019-03-02 13:00:00,62.06,94.14,2.0,37.34,39.35,36.76,0.48,16.73,82.24,2.14,6.32,,208.0,Poor
Kolkata,2019-04-07 05:00:00,17.5,25.68,2.72,20.72,23.44,19.76,0.46,1.6,43.63,2.19,5.43,,71.0,Satisfactory
Kolkata,2019-04-28 09:00:00,32.72,62.88,5.28,14.5,19.77,18.4,0.36,3.23,9.98,3.26,6.35,,83.0,Satisfactory
Kolkata,2019-04-29 07:00:00,16.08,41.75,7.65,16.42,24.09,16.26,0.37,2.58,5.2,0.74,4.42,,72.0,Satisfactory
Kolkata,2019-05-12 07:00:00,52.2,101.08,2.96,6.83,9.82,10.74,0.42,1.34,31.5,1.44,3.47,,108.0,Moderate
Kolkata,2019-05-14 05:00:00,25.55,50.25,3.14,9.75,12.91,7.71,0.5,1.78,29.42,1.64,3.29,,86.0,Satisfactory
Kolkata,2019-05-27 19:00:00,46.55,92.72,2.55,15.38,17.54,6.97,0.5,2.46,21.09,6.04,18.86,,92.0,Satisfactory
Kolkata,2019-06-13 19:00:00,68.72,109.28,3.09,34.67,31.3,4.21,0.66,4.23,70.78,26.34,13.37,3.58,130.0,Moderate
Kolkata,2019-06-16 08:00:00,33.94,65.9,3.76,12.18,12.91,3.7,0.38,1.58,33.6,5.69,5.34,3.29,63.0,Satisfactory
Kolkata,2019-06-16 18:00:00,33.87,65.4,2.95,15.64,14.17,2.54,0.36,5.56,48.97,5.99,6.31,3.28,101.0,Moderate
Kolkata,2019-07-02 04:00:00,13.82,25.37,3.5,5.88,9.38,11.4,0.42,2.21,31.61,19.1,6.67,2.62,46.0,Good
Kolkata,2019-08-07 07:00:00,4.74,9.7,6.35,7.08,12.92,11.27,0.3,2.19,25.44,13.17,9.44,2.1,37.0,Good
Kolkata,2019-08-11 02:00:00,59.97,103.89,70.63,47.81,118.64,14.4,1.35,4.87,4.61,24.12,21.83,8.06,110.0,Moderate
Kolkata,2019-08-13 13:00:00,6.17,14.81,5.24,22.69,27.14,9.49,0.62,2.21,20.64,4.98,6.85,2.73,40.0,Good
Kolkata,2019-08-18 04:00:00,25.44,33.51,3.03,10.54,13.82,11.74,0.37,2.38,17.16,30.34,6.27,2.53,50.0,Good
Kolkata,2019-10-17 14:00:00,60.64,95.76,6.66,29.82,36.47,12.89,0.65,4.58,52.71,12.85,20.03,2.78,97.0,Satisfactory
Kolkata,2019-12-10 06:00:00,52.27,113.06,21.22,45.2,66.35,26.5,0.52,7.24,21.68,27.49,39.36,2.27,152.0,Moderate
Kolkata,2020-02-13 08:00:00,131.1,235.96,83.11,81.8,164.99,23.58,1.24,13.14,7.06,31.67,50.85,4.95,227.0,Poor
Kolkata,2020-02-23 18:00:00,52.27,103.77,13.14,48.94,63.06,26.32,0.58,9.65,49.1,19.09,13.16,0.84,227.0,Poor
Kolkata,2020-02-28 03:00:00,83.65,149.39,14.06,37.02,51.13,26.71,0.51,7.83,34.47,9.22,19.52,1.52,114.0,Moderate
Kolkata,2020-04-03 16:00:00,51.03,84.72,4.78,10.01,14.84,16.21,0.62,8.57,116.34,2.73,6.79,0.46,129.0,Moderate
Kolkata,2020-05-28 10:00:00,14.34,29.46,3.17,11.96,15.19,8.84,0.43,4.8,27.68,1.21,9.06,0.73,42.0,Good
Kolkata,2020-06-09 15:00:00,18.3,44.91,3.8,8.01,11.86,12.7,0.32,5.3,44.16,3.0,13.48,1.01,57.0,Satisfactory
Kolkata,2020-06-25 12:00:00,13.47,41.89,5.69,5.56,11.19,9.9,0.32,7.05,29.97,1.41,7.78,0.49,48.0,Good
Kolkata,2020-06-29 18:00:00,16.74,45.9,3.64,9.77,13.48,9.49,0.45,11.47,49.63,3.28,5.94,0.23,64.0,Satisfactory
Lucknow,2015-01-03 04:00:00,,,2.33,12.44,4.22,,10.82,169.75,23.96,1.63,4.75,,,
Lucknow,2015-02-22 21:00:00,,,8.38,36.4,4.22,,18.77,,12.34,3.61,3.88,,,
Lucknow,2015-05-18 18:00:00,29.46,,2.41,9.67,5.61,,2.5,7.04,90.14,1.41,1.34,,242.0,Poor
Lucknow,2015-06-23 02:00:00,547.38,,1.0,8.8,2.21,,,,57.14,0.03,0.06,,333.0,Very Poor
Lucknow,2015-08-20 08:00:00,35.84,,4.22,10.9,6.24,,,10.57,21.8,0.1,0.21,,80.0,Satisfactory
Lucknow,2015-09-29 10:00:00,39.12,,1.29,7.36,2.21,,,0.38,32.07,0.05,0.03,,115.0,Moderate
Lucknow,2015-11-17 07:00:00,266.6,,8.6,20.45,4.22,,1.74,2.5,30.04,,,,412.0,Severe
Lucknow,2015-12-06 01:00:00,592.0,,53.26,33.44,4.22,,4.69,8.91,38.21,,,,494.0,Severe
Lucknow,2016-01-15 16:00:00,102.07,,1.24,12.02,4.22,,,2.2,83.76,,,,344.0,Very Poor
Lucknow,2016-02-14 03:00:00,178.8,,6.06,13.86,4.22,,14.12,5.44,30.55,,,,330.0,Very Poor
Lucknow,2016-03-15 04:00:00,98.18,,14.9,34.21,4.22,,1.12,4.36,8.15,0.18,2.4,,135.0,Moderate
Lucknow,2016-03-31 20:00:00,79.27,,19.65,85.58,4.22,,1.6,10.18,39.07,0.02,0.15,,196.0,Moderate
Lucknow,2016-04-16 19:00:00,129.56,,5.12,56.98,4.22,,1.37,6.24,83.36,0.36,0.4,,314.0,Very Poor
Lucknow,2016-05-18 11:00:00,,,,,,,,,,,,,,
Lucknow,2016-08-24 11:00:00,25.69,,6.34,19.77,,,,1.88,12.02,0.45,,,38.0,Good
Lucknow,2016-08-25 18:00:00,56.21,,3.08,21.41,,,1.76,0.06,18.96,0.54,,,88.0,Satisfactory
Lucknow,2016-09-11 11:00:00,46.35,,1.53,21.66,,,,3.36,56.89,0.56,,,86.0,Satisfactory
Lucknow,2016-09-14 14:00:00,3.96,,16.7,15.92,6.24,,1.18,3.42,23.38,0.19,,,139.0,Moderate
Lucknow,2016-11-21 17:00:00,71.51,,4.06,85.77,6.24,,1.96,3.97,79.74,3.01,10.88,,403.0,Severe
Lucknow,2017-01-03 18:00:00,130.26,,20.74,38.72,,,1.42,6.38,10.74,1.05,11.81,,359.0,Very Poor
Lucknow,2017-02-25 04:00:00,71.89,,9.13,16.96,,,1.06,7.58,122.4,2.38,5.4,,174.0,Moderate
Lucknow,2017-02-28 23:00:00,222.14,,23.8,80.87,,,3.01,11.92,9.96,3.96,13.66,,290.0,Poor
Lucknow,2017-05-13 04:00:00,87.45,,8.21,19.69,,,,3.49,59.88,2.96,4.87,,230.0,Poor
Lucknow,2017-06-05 01:00:00,168.26,,29.12,66.6,6.24,,2.75,5.26,12.16,5.62,9.36,,321.0,Very Poor
Lucknow,2017-07-20 10:00:00,46.57,,14.86,23.64,,,1.11,3.02,10.38,0.5,1.5,,66.0,Satisfactory
Lucknow,2017-08-15 09:00:00,46.52,,10.02,26.25,,,,5.62,9.54,1.48,3.1,,82.0,Satisfactory
Lucknow,2017-10-21 08:00:00,54.92,,9.15,20.47,15.85,41.9,1.5,13.63,9.55,2.94,2.36,,254.0,Poor
Lucknow,2017-12-18 07:00:00,189.42,,26.08,58.51,52.06,48.92,1.3,7.6,10.2,1.73,0.76,,326.0,Very Poor
Lucknow,2018-02-23 20:00:00,173.96,,107.64,89.05,105.68,41.12,2.37,29.74,4.25,2.65,2.4,,384.0,Very Poor
Lucknow,2018-05-09 02:00:00,144.77,,18.96,39.8,23.46,23.1,0.2,11.64,35.15,0.0,0.0,,358.0,Very Poor
Lucknow,2018-05-31 05:00:00,64.96,,6.47,46.08,25.95,34.17,0.1,5.47,,0.0,0.0,,162.0,Moderate
Lucknow,2018-09-20 19:00:00,97.3,,7.81,31.08,24.7,32.05,1.52,3.31,35.27,0.1,0.27,,186.0,Moderate
Lucknow,2018-11-16 13:00:00,73.91,,19.02,33.44,32.62,37.82,1.04,4.85,57.69,0.11,0.64,,264.0,Poor
Lucknow,2018-12-30 17:00:00,130.6,,6.49,33.01,22.42,30.8,0.53,6.6,53.27,0.02,0.15,,394.0,Very Poor
Lucknow,2019-01-06 03:00:00,203.0,,12.77,39.73,30.98,32.95,1.21,8.83,16.06,0.03,0.27,,392.0,Very Poor
Lucknow,2019-03-15 02:00:00,115.15,,5.06,34.14,26.84,18.52,0.76,12.22,30.89,0.28,10.18,,255.0,Poor
Lucknow,2019-03-19 22:00:00,112.54,,9.08,60.98,43.58,13.75,2.24,13.04,25.72,0.28,1.76,,217.0,Poor
Lucknow,2019-03-24 01:00:00,66.42,,5.41,24.39,17.24,7.78,0.73,9.68,45.48,0.42,1.31,,125.0,Moderate
Lucknow,2019-04-04 19:00:00,89.39,,9.21,44.9,31.02,,2.52,7.18,55.93,1.0,3.32,,344.0,Very Poor
Lucknow,2019-06-24 12:00:00,117.79,,7.0,37.04,24.7,39.3,0.81,3.42,68.25,0.69,3.3,,99.0,Satisfactory
Lucknow,2019-08-22 05:00:00,34.3,,5.79,17.96,13.73,9.62,1.48,3.37,19.2,0.13,0.2,,88.0,Satisfactory
Lucknow,2019-09-04 16:00:00,29.17,,5.56,15.57,10.78,29.67,1.04,5.54,31.61,2.12,7.61,,72.0,Satisfactory
Lucknow,2019-10-24 21:00:00,142.84,,58.82,140.26,102.93,30.7,1.53,11.59,27.89,3.52,17.75,,295.0,Poor
Lucknow,2019-11-13 18:00:00,91.6,,26.77,65.69,56.28,12.0,3.2,8.31,51.21,1.92,26.46,,368.0,Very Poor
Lucknow,2020-01-26 06:00:00,111.89,,3.91,38.47,23.62,5.5,1.7,5.34,19.1,1.62,5.09,,293.0,Poor
Lucknow,2020-02-25 03:00:00,64.32,,8.02,8.57,10.92,2.31,1.05,9.81,25.59,0.0,4.29,,230.0,Poor
Lucknow,2020-03-26 11:00:00,46.31,,7.82,6.8,9.78,35.45,0.89,5.29,43.45,27.97,3.64,,95.0,Satisfactory
Lucknow,2020-03-29 09:00:00,34.22,,8.2,6.82,10.05,32.59,0.94,4.84,33.32,10.15,2.53,,59.0,Satisfactory
Lucknow,2020-04-17 10:00:00,70.12,,3.07,21.45,57.0,2.92,0.87,8.2,24.97,5.73,6.55,,208.0,Poor
Lucknow,2020-06-05 12:00:00,29.54,,14.8,15.42,20.88,28.08,1.31,16.26,46.04,1.12,2.84,,98.0,Satisfactory
Mumbai,2015-04-05 02:00:00,,,,,52.33,,0.0,,,0.0,0.0,0.0,,
Mumbai,2015-07-03 02:00:00,,,,,19.12,,0.0,,,0.0,,0.0,,
Mumbai,2015-08-07 00:00:00,,,,,19.18,,0.0,,,0.0,0.0,0.0,,
Mumbai,2015-08-16 00:00:00,,,,,66.65,,0.0,,,0.0,0.0,0.0,,
Mumbai,2015-08-16 01:00:00,,,,,63.81,,0.0,,,0.0,0.0,0.0,,
Mumbai,2015-08-30 07:00:00,,,,,57.22,,0.0,,,0.0,0.0,0.0,,
Mumbai,2015-10-10 17:00:00,,,,,8.78,,0.0,,,0.0,0.0,0.0,,
Mumbai,2015-10-19 05:00:00,,,,,36.6,,0.0,,,0.0,0.0,0.0,,
Mumbai,2015-12-10 21:00:00,,,,,136.43,,0.0,,,0.0,0.0,0.0,,
Mumbai,2015-12-18 04:00:00,,,,,104.28,,0.0,,,0.0,0.0,0.0,,
Mumbai,2016-08-02 16:00:00,,,,,237.19,,0.0,,,,,,,
Mumbai,2016-08-11 09:00:00,,,,,155.35,,0.0,,,,,,,
Mumbai,2016-10-15 18:00:00,,,,,,,0.0,,,,,,,
Mumbai,2016-11-01 12:00:00,,,,,,,0.0,,,,,,,
Mumbai,2016-12-25 20:00:00,,,,,,,0.0,,,,,,,
Mumbai,2016-12-30 19:00:00,,,,,,,0.0,,,,,,,
Mumbai,2017-01-21 18:00:00,,,,,,,0.0,,,0.0,0.0,0.0,,
Mumbai,2017-02-15 02:00:00,,,,,,,0.0,,,0.0,0.0,0.0,,
Mumbai,2017-03-28 10:00:00,,,,,,,0.0,,,0.0,0.0,0.0,,
Mumbai,2017-06-19 03:00:00,,,,,,,0.0,,,0.0,0.0,0.0,,
Mumbai,2017-07-23 20:00:00,,,,,,,0.0,,,0.0,0.0,0.0,,
Mumbai,2017-08-01 10:00:00,,,,,,,0.0,,,0.0,0.0,0.0,,
Mumbai,2017-08-11 10:00:00,,,,,,,0.0,,,0.0,0.0,0.0,,
Mumbai,2017-08-14 08:00:00,,,,,,,0.0,,,0.0,0.0,0.0,,
Mumbai,2017-12-24 17:00:00,,,,,17.31,,0.0,,,0.0,0.0,0.0,,
Mumbai,2018-01-08 12:00:00,,,,,101.06,,2.9,,,0.0,0.0,0.0,,
Mumbai,2018-01-21 02:00:00,,,,,105.22,,1.42,,,0.0,0.0,0.0,,
Mumbai,2018-05-24 05:00:00,18.27,71.54,,,51.73,,1.38,21.55,38.84,0.18,,,92.0,Satisfactory
Mumbai,2018-06-29 08:00:00,25.94,103.77,115.59,33.37,148.96,,2.29,24.04,35.44,0.67,,,105.0,Moderate
Mumbai,2018-07-07 00:00:00,5.21,,10.19,17.7,27.89,,1.21,13.21,31.24,0.58,,,64.0,Satisfactory
Mumbai,2018-08-29 14:00:00,19.15,51.53,11.52,30.68,42.2,,1.22,5.0,28.49,0.19,,,76.0,Satisfactory
Mumbai,2018-09-19 04:00:00,9.68,63.94,17.54,20.99,38.55,,1.23,10.04,26.88,0.52,,,75.0,Satisfactory
Mumbai,2018-10-10 11:00:00,41.31,129.59,4.5,28.17,25.92,,1.6,18.19,51.31,1.29,,,107.0,Moderate
Mumbai,2018-10-24 10:00:00,,,,,,,,,,,,,115.0,Moderate
Mumbai,2018-11-20 20:00:00,,,,,,,,,,,,,,
Mumbai,2019-05-09 18:00:00,12.02,70.19,22.92,11.21,34.13,,1.72,24.72,13.97,0.23,,,91.0,Satisfactory
Mumbai,2019-06-02 14:00:00,15.01,29.13,32.66,13.71,46.36,,1.56,17.05,24.46,0.15,,,82.0,Satisfactory
Mumbai,2019-06-22 11:00:00,19.35,89.61,26.42,11.23,34.08,7.84,0.47,11.17,14.18,2.06,,,82.0,Satisfactory
Mumbai,2019-07-02 05:00:00,5.58,6.46,16.69,15.04,31.73,5.24,0.45,12.21,14.83,1.23,,,63.0,Satisfactory
Mumbai,2019-08-21 14:00:00,19.98,55.42,21.48,8.85,30.32,5.59,0.49,8.42,15.81,1.7,,,66.0,Satisfactory
Mumbai,2019-09-06 20:00:00,7.45,37.81,13.41,14.64,28.01,11.3,0.64,10.6,7.16,0.87,,,47.0,Good
Mumbai,2019-09-12 13:00:00,14.33,48.79,12.12,10.29,22.4,12.75,0.42,12.24,10.1,0.94,,,52.0,Satisfactory
Mumbai,2019-09-23 22:00:00,12.14,50.14,24.29,12.03,36.29,12.33,0.57,7.75,5.68,3.11,,,64.0,Satisfactory
Mumbai,2019-09-28 00:00:00,8.98,27.59,16.79,9.49,26.28,14.74,0.26,7.15,5.44,2.03,,,37.0,Good
Mumbai,2019-10-05 04:00:00,28.95,68.43,43.78,23.19,64.28,13.63,1.85,10.22,5.18,2.74,,,95.0,Satisfactory
Mumbai,2019-10-31 02:00:00,32.32,77.7,17.79,24.34,42.13,13.05,0.78,14.98,6.16,5.6,,,81.0,Satisfactory
Mumbai,2020-01-13 06:00:00,98.07,156.24,27.57,44.48,67.41,27.58,1.05,7.61,20.59,5.14,,,189.0,Moderate
Mumbai,2020-01-17 18:00:00,58.27,139.89,6.95,38.04,44.99,17.17,0.46,6.68,68.82,1.66,,,98.0,Satisfactory
Mumbai,2020-02-21 01:00:00,36.31,77.49,26.59,35.17,61.77,24.82,0.79,8.14,14.6,2.92,,,132.0,Moderate
Mumbai,2020-05-10 22:00:00,16.72,52.62,17.0,3.32,16.56,3.44,0.34,32.28,21.25,1.11,,,75.0,Satisfactory
Patna,2015-07-21 20:00:00,,,25.62,17.6,43.24,,2.12,2.37,4.96,0.33,2.14,1.0,,
Patna,2015-08-23 00:00:00,,,38.25,21.29,59.51,,1.25,16.42,8.12,0.49,2.68,1.24,,
Patna,2015-09-03 06:00:00,,,13.54,12.59,26.13,,0.58,4.17,7.21,0.15,2.02,0.33,,
Patna,2015-10-31 16:00:00,,,18.73,39.92,58.65,,1.44,6.08,7.12,0.27,1.28,0.77,211.0,Poor
Patna,2015-12-05 10:00:00,245.0,,85.58,35.6,121.18,,1.72,1.1,20.77,0.46,1.37,1.12,415.0,Severe
Patna,2016-05-14 04:00:00,54.0,,12.66,15.76,28.39,,0.49,2.47,18.09,0.1,0.42,0.08,92.0,Satisfactory
Patna,2016-06-19 21:00:00,20.0,,19.47,19.04,38.53,,1.16,1.29,12.77,0.2,0.95,0.58,207.0,Poor
Patna,2016-07-05 04:00:00,18.0,,,0.03,,,0.35,2.95,,0.05,0.37,0.05,,
Patna,2016-07-19 08:00:00,58.0,,5.83,7.3,13.13,,0.51,2.08,2.91,0.11,0.58,0.21,77.0,Satisfactory
Patna,2016-10-04 14:00:00,55.0,,14.49,26.15,40.35,,0.99,1.6,22.95,0.11,0.46,0.22,207.0,Poor
Patna,2016-10-27 22:00:00,178.0,,24.06,33.02,57.07,,1.43,2.74,7.57,0.28,1.05,1.59,333.0,Very Poor
Patna,2016-11-03 09:00:00,204.0,,3.71,21.38,25.08,,0.76,5.1,46.4,0.19,0.77,1.78,308.0,Very Poor
Patna,2016-11-11 17:00:00,88.17,,4.18,40.54,44.72,,0.98,2.85,25.43,0.13,0.62,0.43,349.0,Very Poor
Patna,2016-12-06 00:00:00,324.0,,34.69,30.87,65.55,,1.95,0.27,10.86,0.29,0.83,0.62,423.0,Severe
Patna,2016-12-26 14:00:00,212.33,,17.52,20.3,37.83,,2.03,0.63,1.88,0.3,0.92,0.68,442.0,Severe
Patna,2016-12-31 12:00:00,,,,,,,,,,,,,346.0,Very Poor
Patna,2017-02-15 01:00:00,,,,,,,,,,,,,,
Patna,2017-02-20 03:00:00,,,,,,,,,,,,,,
Patna,2017-05-21 17:00:00,,,,,,,,,,,,,,
Patna,2017-06-10 01:00:00,,,,,,,,,,,,,,
Patna,2017-11-01 07:00:00,,,,,0.0,,0.0,,,0.0,0.0,0.0,,
Patna,2017-11-17 12:00:00,96.0,,26.57,114.51,45.78,,0.91,13.37,106.13,0.61,5.04,2.13,232.0,Poor
Patna,2017-12-05 01:00:00,,,,,,,,,,,,,438.0,Severe
Patna,2018-01-06 03:00:00,212.0,,3.52,12.68,5.43,,1.32,40.47,56.84,0.35,2.88,0.59,402.0,Severe
Patna,2018-03-27 12:00:00,105.5,,3.45,15.05,5.97,,1.27,51.69,,0.35,3.29,0.95,298.0,Poor
Patna,2018-04-11 17:00:00,64.75,,7.07,18.64,9.1,,1.29,53.05,85.99,0.26,2.06,1.19,162.0,Moderate
Patna,2018-05-16 12:00:00,71.25,,11.39,68.96,24.8,,1.09,48.91,121.62,5.75,65.91,19.91,132.0,Moderate
Patna,2018-07-11 23:00:00,87.0,,25.86,76.46,35.45,,1.1,60.49,53.09,4.01,36.71,25.6,130.0,Moderate
Patna,2018-07-19 05:00:00,38.25,,8.61,37.49,14.92,,0.43,60.56,53.47,2.53,41.44,11.73,86.0,Satisfactory
Patna,2018-08-23 01:00:00,47.0,,3.72,40.0,12.62,,0.59,10.44,36.38,3.23,40.72,14.1,110.0,Moderate
Patna,2018-10-02 07:00:00,90.25,,5.49,18.95,8.23,,1.17,18.16,44.57,2.44,32.6,5.1,178.0,Moderate
Patna,2018-10-14 01:00:00,76.0,,5.8,36.1,12.88,,0.58,17.23,48.06,2.53,31.67,8.18,113.0,Moderate
Patna,2018-11-25 14:00:00,169.5,,5.63,12.02,6.55,,1.11,31.17,,2.96,25.81,7.58,404.0,Severe
Patna,2018-12-07 21:00:00,284.0,,20.07,18.02,16.82,,4.22,23.31,,4.18,26.43,19.32,402.0,Severe
Patna,2018-12-15 18:00:00,103.0,,13.0,20.75,10.27,,1.4,44.62,,2.7,21.9,13.63,337.0,Very Poor
Patna,2018-12-29 03:00:00,195.5,,3.89,7.75,4.38,,0.92,60.85,,3.49,26.01,8.18,371.0,Very Poor
Patna,2019-02-07 01:00:00,328.5,,21.51,13.3,16.5,,2.94,41.68,8.57,4.62,28.38,15.52,364.0,Very Poor
Patna,2019-03-20 12:00:00,64.0,,7.0,83.85,25.9,,1.57,45.76,107.15,3.23,31.77,10.31,202.0,Poor
Patna,2019-06-02 22:00:00,49.0,,4.92,6.98,4.8,,1.4,43.83,61.29,1.39,15.12,5.33,128.0,Moderate
Patna,2019-06-06 08:00:00,36.0,,5.16,7.34,5.03,,0.9,43.83,70.24,1.05,5.35,2.25,89.0,Satisfactory
Patna,2019-07-23 04:00:00,26.5,,4.69,40.82,13.43,,0.65,51.77,31.98,0.78,4.32,3.08,78.0,Satisfactory
Patna,2019-08-05 04:00:00,35.0,,3.55,9.71,4.68,,0.68,50.84,36.27,0.96,4.73,2.96,102.0,Moderate
Patna,2019-11-18 22:00:00,148.75,,80.1,86.22,70.92,,3.16,35.61,5.41,7.32,25.29,27.26,320.0,Very Poor
Patna,2019-11-23 19:00:00,220.0,,35.55,51.5,56.3,,3.03,11.95,58.2,2.38,7.58,6.55,411.0,Severe
Patna,2019-12-23 08:00:00,276.75,,,,,,1.8,10.12,12.62,3.3,5.92,3.08,449.0,Severe
Patna,2020-03-17 09:00:00,83.11,158.49,64.19,34.69,62.41,20.9,1.35,12.27,14.0,2.81,6.76,0.62,143.0,Moderate
Patna,2020-04-07 11:00:00,45.17,111.35,42.21,47.55,58.25,12.29,1.6,12.87,32.22,0.19,4.38,0.34,147.0,Moderate
Patna,2020-04-13 04:00:00,42.33,112.62,56.07,18.22,44.4,15.5,1.33,10.37,21.54,0.63,3.94,0.37,158.0,Moderate
Patna,2020-04-16 05:00:00,27.58,93.3,57.56,17.3,44.79,12.02,1.25,9.96,13.52,0.03,2.81,0.16,130.0,Moderate
Patna,2020-04-17 03:00:00,33.97,86.16,56.16,15.92,43.03,12.9,1.3,9.5,25.44,0.61,3.77,0.33,129.0,Moderate
Shillong,2019-08-27 21:00:00,47.88,52.12,1.24,3.42,1.3,3.7,0.49,4.8,26.07,0.61,,,,
Shillong,2019-08-31 06:00:00,8.11,13.75,1.39,3.64,1.3,3.61,0.29,5.7,16.28,0.14,0.0,,31.0,Good
Shillong,2019-09-18 10:00:00,11.83,24.0,4.05,7.13,0.8,3.63,0.23,5.31,45.88,0.21,0.76,,46.0,Good
Shillong,2019-09-26 20:00:00,5.01,13.0,1.27,3.55,1.38,3.62,0.35,5.79,29.44,0.47,2.12,,55.0,Satisfactory
Shillong,2019-09-29 22:00:00,9.72,21.86,1.2,3.62,1.52,3.66,0.33,5.56,39.43,0.28,0.46,,40.0,Good
Shillong,2019-09-30 19:00:00,17.35,34.73,1.28,3.71,1.52,3.75,0.79,5.83,14.37,1.01,4.27,,51.0,Satisfactory
Shillong,2019-10-16 16:00:00,17.25,31.47,1.22,3.6,1.5,3.67,0.57,7.01,30.78,0.44,1.77,,32.0,Good
Shillong,2019-10-19 12:00:00,25.89,43.19,1.19,3.57,1.51,3.65,0.26,6.66,51.25,0.17,0.36,,65.0,Satisfactory
Shillong,2019-11-08 05:00:00,,,,,,,,,,,,,,
Shillong,2019-11-11 00:00:00,,,,,,,,,,,,,,
Shillong,2019-11-27 17:00:00,,,0.32,0.8,0.07,0.84,0.05,2.07,6.78,0.06,0.13,,23.0,Good
Shillong,2019-12-16 07:00:00,1.33,2.33,0.46,1.44,0.61,1.54,0.05,3.65,38.88,0.05,0.0,,,
Shillong,2019-12-17 06:00:00,,,0.6,1.76,0.73,1.75,0.07,4.21,27.52,0.04,0.0,,,
Shillong,2019-12-20 18:00:00,6.17,9.83,0.55,1.53,0.59,1.55,0.2,3.74,11.91,0.36,0.61,,,
Shillong,2019-12-31 22:00:00,,,0.75,2.39,1.04,2.46,0.29,6.76,43.95,0.29,0.1,,,
Shillong,2020-01-07 02:00:00,14.55,,0.96,2.93,1.26,3.02,0.15,7.24,57.21,0.21,0.0,,,
Shillong,2020-01-08 23:00:00,,,,,0.0,,0.0,,,0.0,0.0,,,
Shillong,2020-01-09 21:00:00,,,0.45,1.39,0.6,1.38,0.23,4.07,21.3,0.31,0.18,,,
Shillong,2020-01-18 15:00:00,37.9,49.17,0.55,1.72,0.76,1.85,0.21,5.65,24.0,0.27,0.11,,57.0,Satisfactory
Shillong,2020-01-22 13:00:00,24.36,35.78,0.74,2.37,1.04,2.44,0.23,6.85,30.46,0.09,0.06,,63.0,Satisfactory
Shillong,2020-01-24 08:00:00,18.75,25.52,1.03,3.04,1.25,3.2,0.15,8.96,59.52,0.0,0.0,,68.0,Satisfactory
Shillong,2020-01-27 12:00:00,46.68,62.6,0.64,2.76,1.52,2.77,0.62,7.78,37.81,0.0,0.06,,82.0,Satisfactory
Shillong,2020-02-06 13:00:00,30.72,48.29,0.78,2.53,1.13,2.53,0.29,7.51,31.46,0.26,0.05,,101.0,Moderate
Shillong,2020-02-07 03:00:00,41.52,47.43,1.11,3.64,1.65,3.71,0.31,11.99,95.35,0.35,0.0,,95.0,Satisfactory
Shillong,2020-02-11 07:00:00,23.88,25.84,0.81,2.35,0.95,2.48,0.15,8.15,49.97,0.14,0.0,,80.0,Satisfactory
Shillong,2020-02-21 16:00:00,,,,,,,,,,,,,133.0,Moderate
Shillong,2020-02-28 09:00:00,24.23,30.31,0.8,2.42,1.01,2.43,0.39,2.53,10.9,438.73,438.73,,46.0,Good
Shillong,2020-03-01 11:00:00,14.42,23.61,0.69,2.27,1.05,2.42,0.18,3.4,38.85,440.48,440.48,,54.0,Satisfactory
Shillong,2020-03-01 23:00:00,18.38,27.41,0.72,2.44,1.15,2.51,0.2,4.29,53.95,449.44,449.44,,59.0,Satisfactory
Shillong,2020-03-02 15:00:00,28.88,51.27,0.8,2.59,1.17,2.79,0.3,4.85,50.59,450.4,450.4,,64.0,Satisfactory
Shillong,2020-03-03 16:00:00,31.09,45.77,0.77,2.33,0.99,2.52,0.3,3.85,37.62,452.93,452.93,,57.0,Satisfactory
Shillong,2020-03-06 13:00:00,37.84,50.65,0.87,2.83,1.28,2.94,0.33,4.43,42.15,476.34,476.34,,60.0,Satisfactory
Shillong,2020-03-13 04:00:00,15.23,22.55,0.69,2.09,0.9,2.21,0.11,3.86,36.11,396.2,396.2,,51.0,Satisfactory
Shillong,2020-03-13 12:00:00,42.89,67.62,0.76,2.23,0.92,2.37,0.28,4.43,45.65,424.6,424.6,,57.0,Satisfactory
Shillong,2020-03-20 11:00:00,28.36,67.02,1.16,3.06,1.17,3.2,0.25,7.38,10.16,0.0,0.0,,85.0,Satisfactory
Shillong,2020-03-23 14:00:00,17.23,23.94,0.91,2.38,0.86,2.52,0.26,4.56,,0.01,0.3,,34.0,Good
Shillong,2020-04-23 23:00:00,,,,,0.0,,0.0,,,0.0,0.0,,,
Shillong,2020-04-30 11:00:00,,,,,0.0,,0.0,,,0.0,0.0,,,
Shillong,2020-04-30 23:00:00,10.28,16.36,0.43,1.35,0.59,1.44,0.12,3.26,,0.0,0.0,,,
Shillong,2020-05-08 05:00:00,6.85,10.24,0.97,2.97,1.28,3.16,0.14,8.44,38.4,0.0,0.0,,82.0,Satisfactory
Shillong,2020-05-10 13:00:00,30.94,43.13,0.97,3.23,1.5,3.2,0.26,9.61,,0.01,0.25,,86.0,Satisfactory
Shillong,2020-05-12 10:00:00,22.57,26.82,1.22,3.24,1.19,3.22,0.24,9.49,0.1,0.21,0.09,,37.0,Good
Shillong,2020-05-24 19:00:00,27.61,40.19,1.03,2.83,1.05,2.92,0.17,9.5,5.55,0.0,0.0,,32.0,Good
Shillong,2020-05-29 17:00:00,8.68,12.14,0.88,2.42,0.93,2.49,0.16,8.1,,0.0,0.23,,20.0,Good
Shillong,2020-05-29 22:00:00,15.34,18.68,0.87,2.31,0.83,2.47,0.18,7.7,,0.0,0.0,,20.0,Good
Shillong,2020-06-01 06:00:00,20.92,35.78,1.09,2.93,1.09,3.19,0.16,9.65,21.22,0.0,0.0,,23.0,Good
Shillong,2020-06-10 21:00:00,7.42,13.12,0.85,2.44,0.97,2.53,0.22,10.7,,0.11,0.78,,21.0,Good
Shillong,2020-06-23 04:00:00,2.53,9.39,1.18,3.1,1.12,3.19,0.13,12.35,33.41,0.01,0.08,,37.0,Good
Shillong,2020-06-26 12:00:00,,,0.89,2.71,1.16,2.83,0.14,4.47,3.73,0.02,0.03,,23.0,Good
Shillong,2020-06-26 17:00:00,11.1,17.04,1.13,3.11,1.19,3.23,0.1,5.29,1.56,0.01,0.0,,16.0,Good
Talcher,2017-12-23 10:00:00,,,,,,,,,,,,,,
Talcher,2018-01-19 21:00:00,,,,,,,,,,,,,,
Talcher,2018-01-22 21:00:00,,,,,,,,,,,,,,
Talcher,2018-01-29 00:00:00,,,,,,,,,,,,,,
Talcher,2018-02-06 17:00:00,,,,,,,,,,,,,,
Talcher,2018-02-07 07:00:00,,,,,,,,,,,,,,
Talcher,2018-02-22 03:00:00,294.46,754.27,153.58,124.99,278.58,0.62,3.28,78.3,13.34,0.0,0.0,,368.0,Very Poor
Talcher,2018-03-10 16:00:00,73.97,162.79,,27.17,23.41,20.04,0.95,93.64,68.99,0.0,0.0,,325.0,Very Poor
Talcher,2018-04-23 04:00:00,1.23,,25.42,,7.19,30.02,1.53,47.38,9.11,0.0,0.0,,,
Talcher,2018-05-03 06:00:00,,,201.76,2.39,179.62,53.66,2.16,40.61,5.74,0.0,0.0,,117.0,Moderate
Talcher,2018-05-08 01:00:00,25.02,44.03,10.07,,0.0,25.24,1.59,31.68,10.37,0.0,0.0,,153.0,Moderate
Talcher,2018-05-25 06:00:00,24.3,85.33,19.6,,0.21,18.03,1.62,34.28,6.3,0.0,0.0,,85.0,Satisfactory
Talcher,2018-06-12 00:00:00,,,,,,,,,,,,,,
Talcher,2018-06-16 12:00:00,,,,,,,,,,,,,,
Talcher,2018-06-30 00:00:00,14.91,101.48,34.8,,32.53,17.48,2.29,42.43,15.2,0.0,0.0,,105.0,Moderate
Talcher,2018-08-29 14:00:00,,,,,,,,,,,,,,
Talcher,2018-09-07 14:00:00,,,,,,,,,,,,,,
Talcher,2018-09-20 11:00:00,,,,,,29.51,,,12.64,,,,,
Talcher,2018-10-14 01:00:00,,0.1,,96.74,,28.52,,5.2,8.95,,,,9.0,Good
Talcher,2018-10-16 13:00:00,,0.25,,0.8,,22.91,,13.34,22.61,,,,23.0,Good
Talcher,2018-10-26 21:00:00,81.89,0.42,241.12,,156.52,29.12,3.01,21.87,8.26,,,,149.0,Moderate
Talcher,2018-12-20 05:00:00,,,18.19,1.28,19.47,6.63,2.72,8.34,4.7,,,,,
Talcher,2018-12-31 00:00:00,90.22,124.04,15.85,2.46,18.3,6.54,3.91,19.62,2.9,,,,193.0,Moderate
Talcher,2019-01-04 21:00:00,226.94,717.22,8.71,5.35,14.06,6.03,3.89,23.26,10.01,,,,361.0,Very Poor
Talcher,2019-01-15 06:00:00,80.26,222.03,3.25,7.89,11.14,5.71,3.08,,7.81,0.0,,,374.0,Very Poor
Talcher,2019-02-04 06:00:00,104.19,385.02,31.03,,26.67,7.37,4.3,36.15,8.45,0.0,,,387.0,Very Poor
Talcher,2019-03-14 22:00:00,,,,,,,,,,,,,,
Talcher,2019-04-15 00:00:00,,,21.59,9.14,30.73,7.31,1.22,22.14,1.78,0.0,,,,
Talcher,2019-06-05 20:00:00,28.44,125.52,32.61,3.81,36.41,8.11,0.99,22.86,2.74,0.0,,,111.0,Moderate
Talcher,2019-07-14 23:00:00,38.64,111.77,30.26,5.26,35.52,7.83,1.6,33.65,2.27,0.0,,,,
Talcher,2019-07-21 10:00:00,,,,,,,,,,,,,64.0,Satisfactory
Talcher,2019-07-24 19:00:00,27.17,153.04,21.05,8.88,29.93,7.23,1.33,35.25,1.4,0.0,,,80.0,Satisfactory
Talcher,2019-07-29 08:00:00,27.41,78.52,8.25,14.54,22.79,6.53,1.41,36.23,1.05,0.0,,,78.0,Satisfactory
Talcher,2019-08-14 22:00:00,,,32.1,4.29,36.39,7.92,2.6,38.85,0.38,0.0,,,,
Talcher,2019-08-24 04:00:00,,,40.11,0.62,40.73,8.41,2.66,39.21,1.58,0.0,,,109.0,Moderate
Talcher,2019-10-28 00:00:00,61.9,82.5,26.76,6.77,33.53,7.49,2.12,29.3,9.56,0.0,,,,
Talcher,2019-11-12 21:00:00,122.06,482.67,6.33,9.31,15.64,5.64,2.0,41.97,14.33,0.0,,,182.0,Moderate
Talcher,2019-11-21 21:00:00,101.15,408.21,8.67,8.31,16.98,5.71,2.16,38.79,12.03,0.0,,,202.0,Poor
Talcher,2019-11-22 01:00:00,83.43,264.01,6.85,9.19,16.04,5.71,1.73,40.98,11.38,0.0,,,200.0,Moderate
Talcher,2019-11-28 15:00:00,42.56,90.51,3.84,5.81,9.66,2.2,0.16,10.38,,0.0,,,,
Talcher,2019-12-24 14:00:00,104.36,175.8,17.59,30.79,48.38,,0.27,21.69,42.8,0.0,,,355.0,Very Poor
Talcher,2020-02-12 01:00:00,188.41,314.19,2.63,7.34,9.97,1.03,3.32,39.57,0.05,0.0,,,317.0,Very Poor
Talcher,2020-02-21 23:00:00,28.55,47.7,9.11,4.48,13.59,1.43,0.98,33.77,15.92,0.0,,,71.0,Satisfactory
Talcher,2020-02-27 10:00:00,92.6,154.34,15.7,1.79,17.49,1.78,2.8,33.58,6.14,0.0,,,120.0,Moderate
Talcher,2020-03-11 00:00:00,,,,,,,,,,,,,101.0,Moderate
Talcher,2020-03-21 01:00:00,72.38,187.77,,6.86,0.0,12.76,5.4,40.83,21.09,0.0,,,,
Talcher,2020-05-03 18:00:00,,,19.11,15.33,34.37,3.86,1.98,,77.05,0.0,,,,
Talcher,2020-05-17 20:00:00,69.91,139.81,,,0.0,,0.0,,,0.0,,,92.0,Satisfactory
Talcher,2020-06-04 18:00:00,,,,,0.0,,0.0,,,0.0,,,,
Talcher,2020-06-18 15:00:00,28.87,36.11,3.15,25.29,27.66,,0.55,15.61,,0.0,,,113.0,Moderate
Thiruvananthapuram,2017-06-21 22:00:00,,,,,,,,,,,,,,
Thiruvananthapuram,2017-07-12 23:00:00,29.5,54.75,1.8,11.08,7.4,,0.72,2.82,14.85,,,,52.0,Satisfactory
Thiruvananthapuram,2017-08-08 04:00:00,3.0,9.0,1.95,0.38,1.78,,0.85,3.87,21.07,,,,57.0,Satisfactory
Thiruvananthapuram,2017-09-05 17:00:00,17.25,54.25,1.57,6.95,4.98,,1.03,3.65,7.6,,,,52.0,Satisfactory
Thiruvananthapuram,2017-09-19 06:00:00,9.0,25.0,2.27,3.18,3.55,,0.8,5.35,7.62,,,,46.0,Good
Thiruvananthapuram,2017-09-22 14:00:00,20.25,53.75,1.97,11.47,7.7,,1.05,1.87,7.88,,,,58.0,Satisfactory
Thiruvananthapuram,2017-10-08 08:00:00,21.0,29.5,0.9,2.0,1.8,3.08,0.44,3.35,3.95,,,,,
Thiruvananthapuram,2017-10-15 17:00:00,,,,,0.0,3.1,0.0,,,,,,,
Thiruvananthapuram,2017-11-16 02:00:00,64.0,78.25,2.03,8.67,6.25,5.05,1.04,4.8,8.13,,,,96.0,Satisfactory
Thiruvananthapuram,2017-12-20 14:00:00,7.25,21.0,2.33,0.2,1.9,6.2,0.96,6.3,54.27,,,,66.0,Satisfactory
Thiruvananthapuram,2018-02-11 19:00:00,,,,,,,,,,,,,,
Thiruvananthapuram,2018-02-25 17:00:00,,,,,,,,,,,,,,
Thiruvananthapuram,2018-03-20 15:00:00,40.25,72.25,1.6,8.6,5.9,7.3,1.41,5.05,60.25,,,,82.0,Satisfactory
Thiruvananthapuram,2018-04-13 02:00:00,,13.25,2.85,12.03,8.72,2.15,0.4,5.28,38.78,,,,54.0,Satisfactory
Thiruvananthapuram,2018-04-16 02:00:00,14.5,25.75,3.05,13.0,9.4,3.07,0.81,5.08,22.4,,,,50.0,Good
Thiruvananthapuram,2018-05-07 17:00:00,14.25,31.25,3.72,17.15,12.12,3.45,1.04,6.1,46.12,,,,74.0,Satisfactory
Thiruvananthapuram,2018-05-28 10:00:00,30.5,103.0,2.22,9.08,6.62,2.15,1.45,5.35,54.88,,,,73.0,Satisfactory
Thiruvananthapuram,2018-06-05 02:00:00,24.75,41.5,2.6,34.2,20.27,2.4,0.9,5.72,20.75,,,,74.0,Satisfactory
Thiruvananthapuram,2018-07-04 12:00:00,20.25,44.25,2.88,5.55,5.28,2.43,1.04,12.78,44.02,,,,52.0,Satisfactory
Thiruvananthapuram,2018-07-10 13:00:00,15.0,31.25,4.0,10.35,8.75,1.92,0.76,6.68,28.95,,,,78.0,Satisfactory
Thiruvananthapuram,2018-12-08 01:00:00,12.5,24.0,3.28,2.85,4.2,3.7,1.57,5.55,32.07,,,,103.0,Moderate
Thiruvananthapuram,2018-12-09 04:00:00,52.25,68.5,3.17,1.2,3.23,4.88,1.83,,12.65,,,,106.0,Moderate
Thiruvananthapuram,2018-12-17 21:00:00,65.75,104.5,2.25,17.1,10.9,3.62,2.17,3.03,42.3,,,,108.0,Moderate
Thiruvananthapuram,2019-01-11 20:00:00,80.5,123.75,1.95,14.5,9.3,6.98,0.0,82.58,95.28,,,,158.0,Moderate
Thiruvananthapuram,2019-01-13 03:00:00,61.0,88.0,2.42,2.15,3.17,7.25,0.0,23.32,49.3,,,,122.0,Moderate
Thiruvananthapuram,2019-01-13 10:00:00,75.25,116.25,2.5,7.55,6.08,6.88,0.0,36.0,96.12,,,,120.0,Moderate
Thiruvananthapuram,2019-01-19 15:00:00,49.0,88.0,2.83,5.72,5.3,6.57,0.0,67.45,124.7,,,,159.0,Moderate
Thiruvananthapuram,2019-01-23 06:00:00,53.5,72.75,1.0,5.95,4.0,6.5,0.57,3.55,55.28,,,,110.0,Moderate
Thiruvananthapuram,2019-02-14 16:00:00,26.5,59.0,0.38,6.47,3.43,6.62,0.82,1.73,80.4,,,,97.0,Satisfactory
Thiruvananthapuram,2019-03-10 09:00:00,23.5,62.75,0.88,3.88,2.75,3.38,0.58,1.68,53.02,,,,62.0,Satisfactory
Thiruvananthapuram,2019-03-14 14:00:00,40.75,89.75,0.73,7.25,4.45,3.83,0.79,1.07,86.78,,,,139.0,Moderate
Thiruvananthapuram,2019-03-20 03:00:00,32.25,58.75,0.9,4.43,3.08,3.05,0.68,7.9,26.7,,,,64.0,Satisfactory
Thiruvananthapuram,2019-05-13 21:00:00,16.5,52.75,0.65,6.35,3.78,2.2,1.21,0.65,21.57,,,,60.0,Satisfactory
Thiruvananthapuram,2019-05-14 17:00:00,14.5,45.75,0.88,3.62,2.65,2.65,0.94,1.65,29.35,,,,60.0,Satisfactory
Thiruvananthapuram,2019-05-28 23:00:00,34.25,96.5,0.5,3.75,2.38,1.62,0.4,,21.45,,,,77.0,Satisfactory
Thiruvananthapuram,2019-07-06 16:00:00,,36.0,1.05,2.7,1.93,4.58,1.06,1.9,16.1,,,,53.0,Satisfactory
Thiruvananthapuram,2019-08-01 15:00:00,,30.0,0.97,2.85,2.3,1.43,0.66,,24.02,,,,46.0,Good
Thiruvananthapuram,2019-08-12 00:00:00,3.25,11.0,0.47,0.93,0.9,2.0,0.36,,27.48,,,,29.0,Good
Thiruvananthapuram,2019-09-20 12:00:00,10.5,36.0,5.53,2.05,1.4,1.38,0.76,,21.2,,,,43.0,Good
Thiruvananthapuram,2019-11-28 00:00:00,83.75,107.75,1.45,21.95,12.82,11.12,1.45,10.1,19.2,,,,80.0,Satisfactory
Thiruvananthapuram,2020-01-15 22:00:00,74.5,111.75,6.47,62.5,38.52,13.55,2.18,7.83,25.42,,,,103.0,Moderate
Thiruvananthapuram,2020-02-12 07:00:00,58.25,69.5,2.05,15.82,10.05,15.15,1.08,7.12,26.85,,,,72.0,Satisfactory
Thiruvananthapuram,2020-04-04 02:00:00,33.47,62.76,3.18,7.67,9.16,5.24,0.52,4.99,26.48,,,,54.0,Satisfactory
Thiruvananthapuram,2020-04-15 19:00:00,17.51,23.91,3.22,4.5,6.9,3.58,0.46,6.61,45.42,,,,52.0,Satisfactory
Thiruvananthapuram,2020-04-25 15:00:00,20.26,39.75,4.03,5.57,8.78,6.18,0.43,4.38,38.53,,,,74.0,Satisfactory
Thiruvananthapuram,2020-05-01 16:00:00,17.4,48.78,5.22,7.56,10.88,5.28,0.43,5.39,38.98,,,,48.0,Good
Thiruvananthapuram,2020-05-29 15:00:00,15.54,46.0,5.84,11.7,15.47,6.9,0.59,5.64,30.16,,,,47.0,Good
Thiruvananthapuram,2020-06-06 11:00:00,,,,,,,,,,,,,33.0,Good
Thiruvananthapuram,2020-06-13 11:00:00,19.24,40.69,5.74,11.79,15.21,7.4,0.4,4.87,19.88,,,,53.0,Satisfactory
Thiruvananthapuram,2020-06-27 03:00:00,14.25,25.5,2.5,2.77,3.53,6.6,0.54,5.82,19.3,,,,42.0,Good
Visakhapatnam,2016-07-10 17:00:00,25.25,78.0,10.15,33.9,24.07,10.98,0.64,9.88,41.5,3.77,6.63,3.3,74.0,Satisfactory
Visakhapatnam,2016-07-15 19:00:00,75.0,94.0,25.53,98.83,67.12,13.5,1.81,17.25,12.95,13.43,13.55,11.05,104.0,Moderate
Visakhapatnam,2016-07-17 20:00:00,45.5,106.5,13.37,48.38,33.53,12.77,1.39,5.6,18.38,5.58,7.58,5.65,93.0,Satisfactory
Visakhapatnam,2016-07-30 10:00:00,27.0,70.5,9.95,41.3,27.53,25.62,1.15,67.2,70.25,5.95,10.25,2.1,93.0,Satisfactory
Visakhapatnam,2016-08-29 10:00:00,14.75,41.25,10.03,20.02,17.22,7.2,0.58,7.77,47.75,3.82,6.85,4.45,48.0,Good
Visakhapatnam,2016-09-08 00:00:00,58.5,94.0,16.3,61.78,42.25,17.88,0.92,56.55,19.75,12.67,23.63,12.08,94.0,Satisfactory
Visakhapatnam,2016-09-16 09:00:00,52.25,69.25,9.7,19.2,16.55,12.03,0.68,28.55,53.25,5.4,14.2,5.6,56.0,Satisfactory
Visakhapatnam,2016-09-26 08:00:00,38.0,59.75,21.1,36.27,33.4,10.15,1.34,19.17,20.68,6.88,10.6,7.0,81.0,Satisfactory
Visakhapatnam,2016-10-15 01:00:00,,,,,,,,,,,,,,
Visakhapatnam,2016-11-09 00:00:00,56.0,94.0,91.1,100.45,116.88,12.4,2.75,20.3,5.83,17.02,26.1,28.18,121.0,Moderate
Visakhapatnam,2016-11-28 22:00:00,56.0,94.0,13.72,113.17,65.35,17.85,2.32,17.5,27.03,9.83,16.75,14.15,131.0,Moderate
Visakhapatnam,2017-01-15 21:00:00,73.25,127.25,4.3,56.25,30.52,10.3,1.45,0.55,80.02,4.3,6.32,4.2,154.0,Moderate
Visakhapatnam,2017-02-03 10:00:00,135.5,134.75,7.85,52.35,34.22,14.08,0.82,25.27,50.07,13.55,23.33,12.95,165.0,Moderate
Visakhapatnam,2017-03-19 19:00:00,46.0,92.25,4.73,17.68,13.22,7.22,0.72,4.5,19.5,2.75,9.83,3.4,107.0,Moderate
Visakhapatnam,2017-03-23 03:00:00,42.75,75.25,10.35,20.32,19.23,10.35,0.38,8.12,56.7,2.55,11.02,2.52,94.0,Satisfactory
Visakhapatnam,2017-03-27 06:00:00,,,,,,,,,,,,,,
Visakhapatnam,2017-04-15 10:00:00,,,,,0.0,,0.0,,,0.0,0.0,0.0,,
Visakhapatnam,2017-04-17 01:00:00,,,,,0.0,,0.0,,,0.0,0.0,0.0,,
Visakhapatnam,2017-05-25 04:00:00,,,,,0.0,,0.0,,,0.0,0.0,0.0,,
Visakhapatnam,2017-06-02 14:00:00,,,,,0.0,,0.0,,,0.0,0.0,0.0,,
Visakhapatnam,2017-07-13 04:00:00,,,,,0.0,,0.0,,,0.0,0.0,0.0,,
Visakhapatnam,2017-07-25 15:00:00,,,,,0.0,,0.0,,,0.0,0.0,0.0,,
Visakhapatnam,2017-08-30 10:00:00,,,,,0.0,,0.0,,,0.0,0.0,0.0,,
Visakhapatnam,2017-09-01 02:00:00,,,,,0.0,,0.0,,,0.0,0.0,0.0,,
Visakhapatnam,2017-09-26 15:00:00,,,,,0.0,0.55,0.0,,,0.0,0.0,0.0,,
Visakhapatnam,2018-02-13 07:00:00,52.25,85.5,1.65,,0.27,0.3,0.43,11.17,80.48,3.37,2.6,0.5,140.0,Moderate
Visakhapatnam,2018-05-27 20:00:00,,23.25,8.55,24.52,19.98,12.92,0.52,2.2,19.18,2.15,5.4,1.35,39.0,Good
Visakhapatnam,2018-06-15 03:00:00,54.25,180.75,3.52,31.43,19.63,11.33,0.2,7.6,24.3,2.9,7.55,1.12,143.0,Moderate
Visakhapatnam,2018-07-02 07:00:00,42.0,73.5,1.12,38.28,21.08,12.02,0.5,5.73,14.12,4.73,20.35,1.2,95.0,Satisfactory
Visakhapatnam,2018-07-16 11:00:00,32.25,101.75,17.37,30.25,30.2,36.7,0.93,22.1,12.4,4.43,11.15,4.0,61.0,Satisfactory
Visakhapatnam,2018-09-19 02:00:00,30.0,199.0,12.15,51.65,37.35,6.95,0.86,3.65,8.2,6.95,15.0,6.1,107.0,Moderate
Visakhapatnam,2018-10-14 02:00:00,56.25,101.75,7.7,58.77,37.55,11.08,0.52,7.85,26.35,6.45,11.55,5.65,129.0,Moderate
Visakhapatnam,2018-10-15 18:00:00,36.0,71.75,17.2,62.03,47.0,10.67,1.02,13.1,29.5,4.1,11.05,4.0,94.0,Satisfactory
Visakhapatnam,2018-11-10 17:00:00,68.75,113.0,2.85,8.55,6.88,12.85,0.45,2.25,74.8,2.77,3.62,1.15,135.0,Moderate
Visakhapatnam,2018-12-25 19:00:00,87.75,141.0,3.68,26.35,17.05,11.5,0.67,,168.98,4.03,4.73,1.68,263.0,Poor
Visakhapatnam,2019-02-26 16:00:00,,,,,,,,,,,,,,
Visakhapatnam,2019-03-18 10:00:00,,,,,,,,,,,,,93.0,Satisfactory
Visakhapatnam,2019-04-09 11:00:00,14.0,76.5,12.75,18.4,20.15,5.82,0.78,2.7,8.27,2.85,6.58,1.27,77.0,Satisfactory
Visakhapatnam,2019-05-23 11:00:00,15.25,119.25,14.75,18.18,21.68,109.75,0.95,15.1,12.45,1.55,2.33,0.55,105.0,Moderate
Visakhapatnam,2019-05-29 09:00:00,39.0,107.0,0.4,,0.0,,0.22,10.4,1.4,,,,114.0,Moderate
Visakhapatnam,2019-07-19 17:00:00,51.5,97.25,17.43,53.85,42.83,9.45,0.75,9.45,15.3,4.78,17.85,4.05,102.0,Moderate
Visakhapatnam,2019-07-25 16:00:00,44.25,94.75,8.35,37.12,26.52,6.12,1.82,1.1,19.55,4.7,11.55,3.78,101.0,Moderate
Visakhapatnam,2019-08-02 05:00:00,9.5,21.0,7.98,36.55,25.98,7.43,0.6,14.9,0.85,1.95,7.22,1.05,75.0,Satisfactory
Visakhapatnam,2019-08-04 09:00:00,24.25,59.5,33.17,38.65,47.55,8.65,0.66,21.4,2.67,6.97,16.3,5.12,68.0,Satisfactory
Visakhapatnam,2019-09-13 22:00:00,60.25,177.25,39.42,74.25,71.58,8.77,2.12,8.8,13.4,13.38,25.12,14.77,106.0,Moderate
Visakhapatnam,2020-01-27 18:00:00,68.0,122.0,2.45,19.25,12.23,11.88,1.08,8.05,29.83,2.65,4.62,0.88,,
Visakhapatnam,2020-02-08 04:00:00,12.5,28.5,2.33,7.97,6.17,12.22,0.72,7.47,25.45,1.38,0.97,0.05,79.0,Satisfactory
Visakhapatnam,2020-02-09 17:00:00,20.75,39.75,2.98,12.82,9.22,9.4,0.77,12.55,39.12,2.07,3.12,5.72,53.0,Satisfactory
Visakhapatnam,2020-04-18 09:00:00,12.75,40.75,15.05,34.92,30.8,6.55,0.11,4.1,8.03,3.6,8.22,3.7,55.0,Satisfactory
Visakhapatnam,2020-06-26 07:00:00,21.0,77.25,10.9,26.62,23.07,9.7,0.67,13.27,21.43,2.92,19.23,0.62,53.0,Satisfactory
